

INSERT INTO RACE_MEETING(RACE_MEETING_CODE,SCHEDULED_DATE,TRACK_NAME) VALUES ('BA010920','2020-09-01','BALLARAT');
INSERT INTO RACE_MEETING(RACE_MEETING_CODE,SCHEDULED_DATE,TRACK_NAME) VALUES ('SP010920','2020-09-01','SHEPPARTON');
INSERT INTO RACE_MEETING(RACE_MEETING_CODE,SCHEDULED_DATE,TRACK_NAME) VALUES ('KI010920','2020-09-01','KILMORE');
INSERT INTO RACE_MEETING(RACE_MEETING_CODE,SCHEDULED_DATE,TRACK_NAME) VALUES ('GP010920','2020-09-01','GLOUCESTER PARK');
INSERT INTO RACE_MEETING(RACE_MEETING_CODE,SCHEDULED_DATE,TRACK_NAME) VALUES ('AP010920','2020-09-01','ALBION PARK');
INSERT INTO RACE_MEETING(RACE_MEETING_CODE,SCHEDULED_DATE,TRACK_NAME) VALUES ('PC010920','2020-09-01','TABCORP PARK MENANGLE');
INSERT INTO RACE_MEETING(RACE_MEETING_CODE,SCHEDULED_DATE,TRACK_NAME) VALUES ('DU010920','2020-09-01','DUBBO');
INSERT INTO RACE_MEETING(RACE_MEETING_CODE,SCHEDULED_DATE,TRACK_NAME) VALUES ('PK010920T','2020-09-01','PARKES');
INSERT INTO RACE_MEETING(RACE_MEETING_CODE,SCHEDULED_DATE,TRACK_NAME) VALUES ('EY010920','2020-09-01','RIVERINA PACEWAY');






INSERT INTO race(RACE_CODE,RACE_MEETING_CODE,NAME,SCHEDULED_DATE,RACE_ORDER,DISTANCE) VALUES ('APC01092014','AP010920','PRYDE''S EASIFEED 2YO & 3YO TROTTERS HANDICAP','2020-09-01 13:52:00.000000 +10:00',1,2138);
INSERT INTO race(RACE_CODE,RACE_MEETING_CODE,NAME,SCHEDULED_DATE,RACE_ORDER,DISTANCE) VALUES ('APC01092013','AP010920','AQWA CONSTRUCTIONS TROTTERS DISCRETIONARY HANDICAP','2020-09-01 14:33:00.000000 +10:00',2,2138);
INSERT INTO race(RACE_CODE,RACE_MEETING_CODE,NAME,SCHEDULED_DATE,RACE_ORDER,DISTANCE) VALUES ('APC01092001','AP010920','LUNCHBOX LODGE SPELLING FARM PACE','2020-09-01 15:12:00.000000 +10:00',3,2138);
INSERT INTO race(RACE_CODE,RACE_MEETING_CODE,NAME,SCHEDULED_DATE,RACE_ORDER,DISTANCE) VALUES ('APC01092006','AP010920','BADCOCK GROUP OF COMPANIES PACE','2020-09-01 15:47:00.000000 +10:00',4,1660);
INSERT INTO race(RACE_CODE,RACE_MEETING_CODE,NAME,SCHEDULED_DATE,RACE_ORDER,DISTANCE) VALUES ('APC01092005','AP010920','CHANGEOVER @ BURWOOD STUD PACE','2020-09-01 16:23:00.000000 +10:00',5,2138);
INSERT INTO race(RACE_CODE,RACE_MEETING_CODE,NAME,SCHEDULED_DATE,RACE_ORDER,DISTANCE) VALUES ('APC01092002','AP010920','TAB BAND 5 CONDITIONED PACE','2020-09-01 17:03:00.000000 +10:00',6,1660);
INSERT INTO race(RACE_CODE,RACE_MEETING_CODE,NAME,SCHEDULED_DATE,RACE_ORDER,DISTANCE) VALUES ('APC01092003','AP010920','MR FEELGOOD @ EGMONT PARK STUD PACE','2020-09-01 17:37:00.000000 +10:00',7,2138);
INSERT INTO race(RACE_CODE,RACE_MEETING_CODE,NAME,SCHEDULED_DATE,RACE_ORDER,DISTANCE) VALUES ('APC01092004','AP010920','OHOKA PUNTER @ EGMONT PARK STUD PACE','2020-09-01 18:09:00.000000 +10:00',8,1660);
INSERT INTO race(RACE_CODE,RACE_MEETING_CODE,NAME,SCHEDULED_DATE,RACE_ORDER,DISTANCE) VALUES ('EYC01092009','EY010920','HUNTERS NEWSAGENCY PACE','2020-09-01 17:45:00.000000 +10:00',1,1740);
INSERT INTO race(RACE_CODE,RACE_MEETING_CODE,NAME,SCHEDULED_DATE,RACE_ORDER,DISTANCE) VALUES ('EYC01092008','EY010920','INCOME TAX PROFESSIONALS PACE','2020-09-01 18:17:00.000000 +10:00',2,1740);
INSERT INTO race(RACE_CODE,RACE_MEETING_CODE,NAME,SCHEDULED_DATE,RACE_ORDER,DISTANCE) VALUES ('EYC01092003','EY010920','TAB ODDS & EVENS PACE','2020-09-01 18:45:00.000000 +10:00',3,1740);
INSERT INTO race(RACE_CODE,RACE_MEETING_CODE,NAME,SCHEDULED_DATE,RACE_ORDER,DISTANCE) VALUES ('EYC01092004','EY010920','MODERN ART @ LOCHEND STUD PACE','2020-09-01 19:10:00.000000 +10:00',4,1740);
INSERT INTO race(RACE_CODE,RACE_MEETING_CODE,NAME,SCHEDULED_DATE,RACE_ORDER,DISTANCE) VALUES ('EYC01092005','EY010920','LADEX CONSTRUCTIONS PACE','2020-09-01 19:40:00.000000 +10:00',5,1740);
INSERT INTO race(RACE_CODE,RACE_MEETING_CODE,NAME,SCHEDULED_DATE,RACE_ORDER,DISTANCE) VALUES ('EYC01092002','EY010920','LION NATHAN PACE','2020-09-01 20:10:00.000000 +10:00',6,1740);
INSERT INTO race(RACE_CODE,RACE_MEETING_CODE,NAME,SCHEDULED_DATE,RACE_ORDER,DISTANCE) VALUES ('EYC01092007','EY010920','COTTONTAILS WINERY & RESTAURANT PACE','2020-09-01 20:40:00.000000 +10:00',7,1740);
INSERT INTO race(RACE_CODE,RACE_MEETING_CODE,NAME,SCHEDULED_DATE,RACE_ORDER,DISTANCE) VALUES ('EYC01092001','EY010920','PLANET POWER MAIDEN PACE','2020-09-01 21:10:00.000000 +10:00',8,1740);
INSERT INTO race(RACE_CODE,RACE_MEETING_CODE,NAME,SCHEDULED_DATE,RACE_ORDER,DISTANCE) VALUES ('GPC01092002','GP010920','COMMUNITY TAB 3YO MS PACE (SKY1)','2020-09-01 17:20:00.000000 +08:00',1,2130);
INSERT INTO race(RACE_CODE,RACE_MEETING_CODE,NAME,SCHEDULED_DATE,RACE_ORDER,DISTANCE) VALUES ('GPC01092009','GP010920','WESTRAL MS PACE (SKY1)','2020-09-01 17:50:00.000000 +08:00',2,2130);
INSERT INTO race(RACE_CODE,RACE_MEETING_CODE,NAME,SCHEDULED_DATE,RACE_ORDER,DISTANCE) VALUES ('GPC01092004','GP010920','RETRAVISION MS PACE (SKY1)','2020-09-01 18:20:00.000000 +08:00',3,2536);
INSERT INTO race(RACE_CODE,RACE_MEETING_CODE,NAME,SCHEDULED_DATE,RACE_ORDER,DISTANCE) VALUES ('GPC01092008','GP010920','OFF THE TRACK - MORE THAN JUST A RACEHORSE MS PACE (SKY1)','2020-09-01 18:50:00.000000 +08:00',4,2130);
INSERT INTO race(RACE_CODE,RACE_MEETING_CODE,NAME,SCHEDULED_DATE,RACE_ORDER,DISTANCE) VALUES ('GPC01092007','GP010920','WORLDWIDE PRINTING MS PACE (SKY1)','2020-09-01 19:20:00.000000 +08:00',5,2536);
INSERT INTO race(RACE_CODE,RACE_MEETING_CODE,NAME,SCHEDULED_DATE,RACE_ORDER,DISTANCE) VALUES ('GPC01092003','GP010920','ALLWOOD STUD FARM FILLIES & MARES MS PACE (SKY1)','2020-09-01 19:45:00.000000 +08:00',6,2536);
INSERT INTO race(RACE_CODE,RACE_MEETING_CODE,NAME,SCHEDULED_DATE,RACE_ORDER,DISTANCE) VALUES ('GPC01092006','GP010920','TABTOUCH MS PACE (SKY1)','2020-09-01 20:10:00.000000 +08:00',7,2130);
INSERT INTO race(RACE_CODE,RACE_MEETING_CODE,NAME,SCHEDULED_DATE,RACE_ORDER,DISTANCE) VALUES ('PCC01092008','PC010920','WELCOME TO THE BREEDING SEASON @ YIRRIBEE TROTTERS STANDING START HANDICAP','2020-09-01 13:37:00.000000 +10:00',1,2300);
INSERT INTO race(RACE_CODE,RACE_MEETING_CODE,NAME,SCHEDULED_DATE,RACE_ORDER,DISTANCE) VALUES ('PCC01092007','PC010920','LAZARUS @ YIRRIBEE STUD TROTTERS STANDING START HANDICAP','2020-09-01 14:17:00.000000 +10:00',2,2300);
INSERT INTO race(RACE_CODE,RACE_MEETING_CODE,NAME,SCHEDULED_DATE,RACE_ORDER,DISTANCE) VALUES ('PCC01092009','PC010920','WARRAWEE NEEDY @ YIRRIBEE STUD PACE','2020-09-01 14:52:00.000000 +10:00',3,1609);
INSERT INTO race(RACE_CODE,RACE_MEETING_CODE,NAME,SCHEDULED_DATE,RACE_ORDER,DISTANCE) VALUES ('PCC01092004','PC010920','TINTIN IN AMERICA @ YIRRIBEE STUD PACE','2020-09-01 15:33:00.000000 +10:00',4,1609);
INSERT INTO race(RACE_CODE,RACE_MEETING_CODE,NAME,SCHEDULED_DATE,RACE_ORDER,DISTANCE) VALUES ('PCC01092002','PC010920','LENNYTHESHARK @ YIRRIBEE STUD PACE','2020-09-01 16:12:00.000000 +10:00',5,1609);
INSERT INTO race(RACE_CODE,RACE_MEETING_CODE,NAME,SCHEDULED_DATE,RACE_ORDER,DISTANCE) VALUES ('PCC01092003','PC010920','RENAISSANCE MAN @ YIRRIBEE STUD PACE','2020-09-01 16:47:00.000000 +10:00',6,1609);
INSERT INTO race(RACE_CODE,RACE_MEETING_CODE,NAME,SCHEDULED_DATE,RACE_ORDER,DISTANCE) VALUES ('PCC01092005','PC010920','FEAR THE DRAGON @ YIRRIBEE STUD PACE','2020-09-01 17:17:00.000000 +10:00',7,1609);
INSERT INTO race(RACE_CODE,RACE_MEETING_CODE,NAME,SCHEDULED_DATE,RACE_ORDER,DISTANCE) VALUES ('PCC01092006','PC010920','EVEKARE.COM.AU CLAIMING PACE','2020-09-01 17:53:00.000000 +10:00',8,1609);
INSERT INTO race(RACE_CODE,RACE_MEETING_CODE,NAME,SCHEDULED_DATE,RACE_ORDER,DISTANCE) VALUES ('SPC01092003','SP010920','BARASTOC PACE','2020-09-01 17:29:00.000000 +10:00',1,2190);
INSERT INTO race(RACE_CODE,RACE_MEETING_CODE,NAME,SCHEDULED_DATE,RACE_ORDER,DISTANCE) VALUES ('SPC01092006','SP010920','YOUR SOLD REAL ESTATE 2YO MAIDEN PACE','2020-09-01 18:01:00.000000 +10:00',2,1690);
INSERT INTO race(RACE_CODE,RACE_MEETING_CODE,NAME,SCHEDULED_DATE,RACE_ORDER,DISTANCE) VALUES ('SPC01092004','SP010920','CENTRAL TYRE SERVICE MAIDEN PACE','2020-09-01 18:26:00.000000 +10:00',3,1690);
INSERT INTO race(RACE_CODE,RACE_MEETING_CODE,NAME,SCHEDULED_DATE,RACE_ORDER,DISTANCE) VALUES ('SPC01092005','SP010920','HUNTER RURAL 3YO PACE','2020-09-01 19:00:00.000000 +10:00',4,2190);
INSERT INTO race(RACE_CODE,RACE_MEETING_CODE,NAME,SCHEDULED_DATE,RACE_ORDER,DISTANCE) VALUES ('SPC01092002','SP010920','NEATLINE HOMES PACE','2020-09-01 19:30:00.000000 +10:00',5,1690);
INSERT INTO race(RACE_CODE,RACE_MEETING_CODE,NAME,SCHEDULED_DATE,RACE_ORDER,DISTANCE) VALUES ('SPC01092007','SP010920','SADDLEWORLD SHEPPARTON TROT','2020-09-01 20:00:00.000000 +10:00',6,2190);
INSERT INTO race(RACE_CODE,RACE_MEETING_CODE,NAME,SCHEDULED_DATE,RACE_ORDER,DISTANCE) VALUES ('SPC01092001','SP010920','TAB LONG MAY WE PLAY PACE','2020-09-01 20:30:00.000000 +10:00',7,2190);
INSERT INTO race(RACE_CODE,RACE_MEETING_CODE,NAME,SCHEDULED_DATE,RACE_ORDER,DISTANCE) VALUES ('SPC01092008','SP010920','GUARDLINE SECURITY SERVICES TROT','2020-09-01 21:00:00.000000 +10:00',8,2190);







INSERT INTO horse(HORSE_ID,NAME) VALUES (1750760,'MY BETTOR LADY NZ');
INSERT INTO horse(HORSE_ID,NAME) VALUES (1681224,'ALLMIGHTYJOELOUIS');
INSERT INTO horse(HORSE_ID,NAME) VALUES (1726858,'KURRACA TAMMY');
INSERT INTO horse(HORSE_ID,NAME) VALUES (1726589,'SMOOTH ROLLING');
INSERT INTO horse(HORSE_ID,NAME) VALUES (1695524,'ANGELS BREATH');
INSERT INTO horse(HORSE_ID,NAME) VALUES (1657838,'MISS MCMANUS');
INSERT INTO horse(HORSE_ID,NAME) VALUES (1699733,'CROW POWER');
INSERT INTO horse(HORSE_ID,NAME) VALUES (1723658,'AUNTY MILLIE');
INSERT INTO horse(HORSE_ID,NAME) VALUES (1720168,'ROCKS CAN ROLL');
INSERT INTO horse(HORSE_ID,NAME) VALUES (1684128,'LIKAVEEEIGHT');
INSERT INTO horse(HORSE_ID,NAME) VALUES (1709186,'THE KNIGHT STAR');
INSERT INTO horse(HORSE_ID,NAME) VALUES (1684076,'KELLIEANN MARIE');
INSERT INTO horse(HORSE_ID,NAME) VALUES (1707494,'MAKOCZAR');
INSERT INTO horse(HORSE_ID,NAME) VALUES (1693207,'HURRICANETOM');
INSERT INTO horse(HORSE_ID,NAME) VALUES (1709286,'WELL AND TRULY');
INSERT INTO horse(HORSE_ID,NAME) VALUES (1699857,'MINIMUM WAGE');
INSERT INTO horse(HORSE_ID,NAME) VALUES (1705614,'RIGHT ROYAL CHEER');
INSERT INTO horse(HORSE_ID,NAME) VALUES (1719319,'ADDA SPOILT MAJOR');
INSERT INTO horse(HORSE_ID,NAME) VALUES (1752814,'MOTU AMETHYST NZ');
INSERT INTO horse(HORSE_ID,NAME) VALUES (1702604,'SKYLINE NZ');
INSERT INTO horse(HORSE_ID,NAME) VALUES (1619517,'BODHI TREE');
INSERT INTO horse(HORSE_ID,NAME) VALUES (1689700,'RECIPE FOR DREAMING NZ');
INSERT INTO horse(HORSE_ID,NAME) VALUES (1695677,'COREY WILLIAM');
INSERT INTO horse(HORSE_ID,NAME) VALUES (1755072,'HELLO ITS ME NZ');
INSERT INTO horse(HORSE_ID,NAME) VALUES (1706824,'COPPICE');
INSERT INTO horse(HORSE_ID,NAME) VALUES (1716341,'AALESUND');
INSERT INTO horse(HORSE_ID,NAME) VALUES (1725021,'OUR MEGASTAR NZ');
INSERT INTO horse(HORSE_ID,NAME) VALUES (1699490,'NEVER BEEN SAID');
INSERT INTO horse(HORSE_ID,NAME) VALUES (1697595,'BRADS LUCK');
INSERT INTO horse(HORSE_ID,NAME) VALUES (1677006,'DEANO ROBYN NZ');
INSERT INTO horse(HORSE_ID,NAME) VALUES (1692339,'VIKSUN');
INSERT INTO horse(HORSE_ID,NAME) VALUES (1755054,'ALLABOUTTHEMOMENT NZ');
INSERT INTO horse(HORSE_ID,NAME) VALUES (1721917,'MOMENT IN THE SUN NZ');
INSERT INTO horse(HORSE_ID,NAME) VALUES (1652706,'SONETTO');
INSERT INTO horse(HORSE_ID,NAME) VALUES (1722028,'ASTRAL RULER NZ');
INSERT INTO horse(HORSE_ID,NAME) VALUES (1697275,'SKYWALKER SHANNON');
INSERT INTO horse(HORSE_ID,NAME) VALUES (1714811,'SHEZALUCKYLADY');
INSERT INTO horse(HORSE_ID,NAME) VALUES (1648087,'LIGHT UP BILLY');
INSERT INTO horse(HORSE_ID,NAME) VALUES (1721058,'ROLL ON THE BEACH');
INSERT INTO horse(HORSE_ID,NAME) VALUES (1742688,'RHIANNA REIGNS NZ');
INSERT INTO horse(HORSE_ID,NAME) VALUES (1682261,'HEY SUZIE');
INSERT INTO horse(HORSE_ID,NAME) VALUES (1669655,'JUSTARUMOUR');
INSERT INTO horse(HORSE_ID,NAME) VALUES (1692294,'ACE IN OUR POCKET');
INSERT INTO horse(HORSE_ID,NAME) VALUES (1698641,'OUR SAMS HOME');
INSERT INTO horse(HORSE_ID,NAME) VALUES (1710278,'SHANKS FOR COMING');
INSERT INTO horse(HORSE_ID,NAME) VALUES (1692074,'BETTOR BE SORRY');
INSERT INTO horse(HORSE_ID,NAME) VALUES (1708196,'LUNAR DELIGHT');
INSERT INTO horse(HORSE_ID,NAME) VALUES (1705800,'IAMTHEFIRECRACKER');
INSERT INTO horse(HORSE_ID,NAME) VALUES (1725162,'FARAGALIONI');
INSERT INTO horse(HORSE_ID,NAME) VALUES (1707178,'MONTY MAJOR');
INSERT INTO horse(HORSE_ID,NAME) VALUES (1715046,'STARS OF GOLD');
INSERT INTO horse(HORSE_ID,NAME) VALUES (1726272,'ISAIDBOO');
INSERT INTO horse(HORSE_ID,NAME) VALUES (1716637,'SUNNY MACH');
INSERT INTO horse(HORSE_ID,NAME) VALUES (1651946,'SUNROSE VILLAGE');
INSERT INTO horse(HORSE_ID,NAME) VALUES (1722967,'SMOOTH RYE');
INSERT INTO horse(HORSE_ID,NAME) VALUES (1715308,'AWAITINGINSTRUCTIONS');
INSERT INTO horse(HORSE_ID,NAME) VALUES (1634845,'MANHATTAN BILLY');
INSERT INTO horse(HORSE_ID,NAME) VALUES (1722423,'RED HOT LADY');
INSERT INTO horse(HORSE_ID,NAME) VALUES (1721418,'MISTER MACH');
INSERT INTO horse(HORSE_ID,NAME) VALUES (1707157,'KWASII');
INSERT INTO horse(HORSE_ID,NAME) VALUES (1695392,'PHOTOZEN');
INSERT INTO horse(HORSE_ID,NAME) VALUES (1701162,'GEE UP NEDDY NZ');
INSERT INTO horse(HORSE_ID,NAME) VALUES (1653900,'LENNY THE LEGEND');
INSERT INTO horse(HORSE_ID,NAME) VALUES (1695744,'MAJOR GENERALJUJON');
INSERT INTO horse(HORSE_ID,NAME) VALUES (1741280,'HAVING THE FAITH');
INSERT INTO horse(HORSE_ID,NAME) VALUES (1687927,'ROCKNTINGIRA');
INSERT INTO horse(HORSE_ID,NAME) VALUES (1722487,'MISTER ARTIKULATE');
INSERT INTO horse(HORSE_ID,NAME) VALUES (1740019,'DEAD SET MUSCLE');
INSERT INTO horse(HORSE_ID,NAME) VALUES (1690568,'RUM DELIGHT NZ');
INSERT INTO horse(HORSE_ID,NAME) VALUES (1712840,'COWBOYS N INDIANS NZ');
INSERT INTO horse(HORSE_ID,NAME) VALUES (1725427,'MATAI VALOUR NZ');
INSERT INTO horse(HORSE_ID,NAME) VALUES (1695803,'SPEEDY DOMINIC');
INSERT INTO horse(HORSE_ID,NAME) VALUES (1675227,'GANGBUSTER');
INSERT INTO horse(HORSE_ID,NAME) VALUES (1656130,'DAYS END');
INSERT INTO horse(HORSE_ID,NAME) VALUES (1698485,'YOUNG SON');
INSERT INTO horse(HORSE_ID,NAME) VALUES (1622357,'ZOOMAS LEGEND');
INSERT INTO horse(HORSE_ID,NAME) VALUES (1684541,'ROUSEY');
INSERT INTO horse(HORSE_ID,NAME) VALUES (1716546,'LEO LODGE');
INSERT INTO horse(HORSE_ID,NAME) VALUES (1704251,'RED');
INSERT INTO horse(HORSE_ID,NAME) VALUES (1700844,'SAUCY DREAMS');
INSERT INTO horse(HORSE_ID,NAME) VALUES (1713184,'THE IDEAL DANCER');
INSERT INTO horse(HORSE_ID,NAME) VALUES (1643795,'RUBY BYE BYE');
INSERT INTO horse(HORSE_ID,NAME) VALUES (1754660,'MILLWOOD CLEOPATRA NZ');
INSERT INTO horse(HORSE_ID,NAME) VALUES (1740913,'JAFFA NZ');
INSERT INTO horse(HORSE_ID,NAME) VALUES (1710468,'NEPTUNES WARRIOR');
INSERT INTO horse(HORSE_ID,NAME) VALUES (1691795,'SCOTLYNN BEACH NZ');
INSERT INTO horse(HORSE_ID,NAME) VALUES (1706171,'BE MY BABY');
INSERT INTO horse(HORSE_ID,NAME) VALUES (1657171,'MAJOR WISH');
INSERT INTO horse(HORSE_ID,NAME) VALUES (1697725,'MELINKA');
INSERT INTO horse(HORSE_ID,NAME) VALUES (1704315,'CHEEKI PHILTRA');
INSERT INTO horse(HORSE_ID,NAME) VALUES (1656742,'LOMBO IDLE BELIEF');
INSERT INTO horse(HORSE_ID,NAME) VALUES (1729830,'UPRIGHT');
INSERT INTO horse(HORSE_ID,NAME) VALUES (1711893,'TAM OSHANTER');
INSERT INTO horse(HORSE_ID,NAME) VALUES (1655722,'STARLIGHT STORM');
INSERT INTO horse(HORSE_ID,NAME) VALUES (1706120,'DANCES');
INSERT INTO horse(HORSE_ID,NAME) VALUES (1706429,'ALLWOODS SUNBEAM');
INSERT INTO horse(HORSE_ID,NAME) VALUES (1723479,'ROQUEFORT CHEESE');
INSERT INTO horse(HORSE_ID,NAME) VALUES (1720718,'SAINT WIN');
INSERT INTO horse(HORSE_ID,NAME) VALUES (1694993,'NOT SO BIG');
INSERT INTO horse(HORSE_ID,NAME) VALUES (1712800,'GOOD COP');
INSERT INTO horse(HORSE_ID,NAME) VALUES (1693188,'STAR OF BETHANY');
INSERT INTO horse(HORSE_ID,NAME) VALUES (1702060,'MY MASTER OF DISGUISE NZ');
INSERT INTO horse(HORSE_ID,NAME) VALUES (1700930,'R J BOPPER NZ');
INSERT INTO horse(HORSE_ID,NAME) VALUES (1668825,'AMERICAN ROCK');
INSERT INTO horse(HORSE_ID,NAME) VALUES (1656605,'MARAS ACE MAN');
INSERT INTO horse(HORSE_ID,NAME) VALUES (1683364,'TEPELO STAR');
INSERT INTO horse(HORSE_ID,NAME) VALUES (1706730,'CAMLUCK KING');
INSERT INTO horse(HORSE_ID,NAME) VALUES (1752778,'THE SITUATION NZ');
INSERT INTO horse(HORSE_ID,NAME) VALUES (1718683,'STAR IN ART');
INSERT INTO horse(HORSE_ID,NAME) VALUES (1703955,'THE SECOND CHANCE');
INSERT INTO horse(HORSE_ID,NAME) VALUES (1690321,'MATATOKI NZ');
INSERT INTO horse(HORSE_ID,NAME) VALUES (1704874,'THE REAPER');
INSERT INTO horse(HORSE_ID,NAME) VALUES (1680889,'MISS INVASION');
INSERT INTO horse(HORSE_ID,NAME) VALUES (1698421,'LA PLAYER');
INSERT INTO horse(HORSE_ID,NAME) VALUES (1699699,'IFOUNDTHEBEACH');
INSERT INTO horse(HORSE_ID,NAME) VALUES (1709742,'MAJOR MUCHA');
INSERT INTO horse(HORSE_ID,NAME) VALUES (1680874,'VINTAGE DREAM');
INSERT INTO horse(HORSE_ID,NAME) VALUES (1708844,'THE MONEY BALL');
INSERT INTO horse(HORSE_ID,NAME) VALUES (1656571,'DEECAESAR');
INSERT INTO horse(HORSE_ID,NAME) VALUES (1685900,'THE FORTUNATE SON');
INSERT INTO horse(HORSE_ID,NAME) VALUES (1731718,'DEFENSIVE GUY');
INSERT INTO horse(HORSE_ID,NAME) VALUES (1721442,'AURORA');
INSERT INTO horse(HORSE_ID,NAME) VALUES (1693625,'MODERN METROPOLIS');
INSERT INTO horse(HORSE_ID,NAME) VALUES (1735118,'SUPERBASS NZ');
INSERT INTO horse(HORSE_ID,NAME) VALUES (1679925,'BETTOR BE LUCKY');
INSERT INTO horse(HORSE_ID,NAME) VALUES (1655729,'FLYING PEGASUS');
INSERT INTO horse(HORSE_ID,NAME) VALUES (1647411,'VINNY CHASE');
INSERT INTO horse(HORSE_ID,NAME) VALUES (1643694,'IM INTENSE');
INSERT INTO horse(HORSE_ID,NAME) VALUES (1677282,'CONTROVERSIAL NZ');
INSERT INTO horse(HORSE_ID,NAME) VALUES (1723170,'QUAKER FRATELLO');
INSERT INTO horse(HORSE_ID,NAME) VALUES (1716544,'LOUISIANA FREEDOM');
INSERT INTO horse(HORSE_ID,NAME) VALUES (1716708,'CRIME DONT PAY');
INSERT INTO horse(HORSE_ID,NAME) VALUES (1718133,'AUCKLAND FLIGHT');
INSERT INTO horse(HORSE_ID,NAME) VALUES (1717352,'TROMSO');
INSERT INTO horse(HORSE_ID,NAME) VALUES (1722722,'SOKYS FALCON');
INSERT INTO horse(HORSE_ID,NAME) VALUES (1720808,'OLINSKY');
INSERT INTO horse(HORSE_ID,NAME) VALUES (1685670,'DEAL BREAKER');
INSERT INTO horse(HORSE_ID,NAME) VALUES (1710154,'JACKS LAST HOO RAA');
INSERT INTO horse(HORSE_ID,NAME) VALUES (1686417,'MILLYS PRINCE');
INSERT INTO horse(HORSE_ID,NAME) VALUES (1697585,'BENTLEIGH');
INSERT INTO horse(HORSE_ID,NAME) VALUES (1665996,'NORTHERN EAGLE');
INSERT INTO horse(HORSE_ID,NAME) VALUES (1717433,'DO NOT SURRENDER');
INSERT INTO horse(HORSE_ID,NAME) VALUES (1705038,'LOOKING FABULOUS');
INSERT INTO horse(HORSE_ID,NAME) VALUES (1620919,'RAMBLENROLLER');
INSERT INTO horse(HORSE_ID,NAME) VALUES (1724012,'AMELIA ROSE');
INSERT INTO horse(HORSE_ID,NAME) VALUES (1669698,'HARD ROCK SHANNON');
INSERT INTO horse(HORSE_ID,NAME) VALUES (1688789,'VILLAGE ENCOUNTER');
INSERT INTO horse(HORSE_ID,NAME) VALUES (1706596,'TOM KAT');
INSERT INTO horse(HORSE_ID,NAME) VALUES (1706581,'RENWAY REACTOR');
INSERT INTO horse(HORSE_ID,NAME) VALUES (1698807,'TROUBLE LOOMING');
INSERT INTO horse(HORSE_ID,NAME) VALUES (1729273,'ASANTE SANA');
INSERT INTO horse(HORSE_ID,NAME) VALUES (1727400,'MAURIES BONUS');
INSERT INTO horse(HORSE_ID,NAME) VALUES (1735765,'VERRY CHEERFUL NZ');
INSERT INTO horse(HORSE_ID,NAME) VALUES (1735283,'CONSTANTINA');
INSERT INTO horse(HORSE_ID,NAME) VALUES (1723648,'LILBITAHENRYTEE');
INSERT INTO horse(HORSE_ID,NAME) VALUES (1713000,'MY MATE COL');
INSERT INTO horse(HORSE_ID,NAME) VALUES (1694990,'ALMAMAY ART');
INSERT INTO horse(HORSE_ID,NAME) VALUES (1697721,'JIMMY JET');
INSERT INTO horse(HORSE_ID,NAME) VALUES (1725335,'SAGITTARIAN ARK');
INSERT INTO horse(HORSE_ID,NAME) VALUES (1751965,'VICTORIA CALLING NZ');
INSERT INTO horse(HORSE_ID,NAME) VALUES (1709777,'JILLIBY JAKE');
INSERT INTO horse(HORSE_ID,NAME) VALUES (1708349,'JESSE ALLWOOD');
INSERT INTO horse(HORSE_ID,NAME) VALUES (1706775,'GALANTE');
INSERT INTO horse(HORSE_ID,NAME) VALUES (1683253,'IAM THE REAL THING');
INSERT INTO horse(HORSE_ID,NAME) VALUES (1726201,'JOEY JAMES');
INSERT INTO horse(HORSE_ID,NAME) VALUES (1720763,'ADDA GIRL');
INSERT INTO horse(HORSE_ID,NAME) VALUES (1734843,'SOHO PARTY GIRL NZ');
INSERT INTO horse(HORSE_ID,NAME) VALUES (1720469,'STARTUP');
INSERT INTO horse(HORSE_ID,NAME) VALUES (1720923,'CHOPPING BLOCK');
INSERT INTO horse(HORSE_ID,NAME) VALUES (1703285,'SHESFEELINPRECIOUS');
INSERT INTO horse(HORSE_ID,NAME) VALUES (1631456,'SENITAS SUCCESS');
INSERT INTO horse(HORSE_ID,NAME) VALUES (1682722,'PARISIAN ROCKSTAR');
INSERT INTO horse(HORSE_ID,NAME) VALUES (1706312,'FEEL LIKE DANCIN');
INSERT INTO horse(HORSE_ID,NAME) VALUES (1667404,'LITTLE CHANGE');
INSERT INTO horse(HORSE_ID,NAME) VALUES (1656019,'WINKANDITSOVER');
INSERT INTO horse(HORSE_ID,NAME) VALUES (1721794,'RUN BOY RUN NZ');
INSERT INTO horse(HORSE_ID,NAME) VALUES (1719955,'DAPPER NZ');
INSERT INTO horse(HORSE_ID,NAME) VALUES (1636219,'MAFUTA VAUTIN');
INSERT INTO horse(HORSE_ID,NAME) VALUES (1708962,'SHEZ GRININ');
INSERT INTO horse(HORSE_ID,NAME) VALUES (1632320,'LANCELOT BROMAC NZ');
INSERT INTO horse(HORSE_ID,NAME) VALUES (1699810,'BLUE SHARD');
INSERT INTO horse(HORSE_ID,NAME) VALUES (1703509,'ZANADU');
INSERT INTO horse(HORSE_ID,NAME) VALUES (1709866,'STARLIGHT SAFARI');
INSERT INTO horse(HORSE_ID,NAME) VALUES (1670276,'HEZ RAZOR SHARP');
INSERT INTO horse(HORSE_ID,NAME) VALUES (1652810,'IONA GRINNER');
INSERT INTO horse(HORSE_ID,NAME) VALUES (1627616,'ILLAWONG SUNNY');
INSERT INTO horse(HORSE_ID,NAME) VALUES (1710805,'ROCKNROLL DA GAMA');
INSERT INTO horse(HORSE_ID,NAME) VALUES (1695031,'JUNIOR FEELGOOD');
INSERT INTO horse(HORSE_ID,NAME) VALUES (1704695,'KNEEBONE JILL');
INSERT INTO horse(HORSE_ID,NAME) VALUES (1671225,'WHATTA STICKY BEAK');
INSERT INTO horse(HORSE_ID,NAME) VALUES (1700972,'IM A SHY GUY');
INSERT INTO horse(HORSE_ID,NAME) VALUES (1656885,'JODIS CHOICE');
INSERT INTO horse(HORSE_ID,NAME) VALUES (1694995,'TYGERPHINN');
INSERT INTO horse(HORSE_ID,NAME) VALUES (1698628,'SHADOW SIGN');
INSERT INTO horse(HORSE_ID,NAME) VALUES (1716548,'GEE GEE BLINXS');
INSERT INTO horse(HORSE_ID,NAME) VALUES (1693779,'BILLYSBREDONE');
INSERT INTO horse(HORSE_ID,NAME) VALUES (1642229,'INDIANA ANGEL');
INSERT INTO horse(HORSE_ID,NAME) VALUES (1687511,'TWENTYEIGHTBLACK');
INSERT INTO horse(HORSE_ID,NAME) VALUES (1706472,'NOBBYS CLOCK');
INSERT INTO horse(HORSE_ID,NAME) VALUES (1665796,'WINSOME MOOLAH');
INSERT INTO horse(HORSE_ID,NAME) VALUES (1693124,'EASTBRO TEX');
INSERT INTO horse(HORSE_ID,NAME) VALUES (1702553,'HEZA CONMAN');
INSERT INTO horse(HORSE_ID,NAME) VALUES (1683436,'LETSROCKLETSROLL');
INSERT INTO horse(HORSE_ID,NAME) VALUES (1715699,'JEMSOMS PET');
INSERT INTO horse(HORSE_ID,NAME) VALUES (1680697,'DEAREST');
INSERT INTO horse(HORSE_ID,NAME) VALUES (1752987,'PAYMENT PLAN NZ');
INSERT INTO horse(HORSE_ID,NAME) VALUES (1714824,'TWEET ABOUT IT');
INSERT INTO horse(HORSE_ID,NAME) VALUES (1727368,'NO WIN NO WORRIES');
INSERT INTO horse(HORSE_ID,NAME) VALUES (1721237,'CRACKER JET');
INSERT INTO horse(HORSE_ID,NAME) VALUES (1677516,'FRATELLINO NZ');
INSERT INTO horse(HORSE_ID,NAME) VALUES (1711897,'MISS TIPSY');
INSERT INTO horse(HORSE_ID,NAME) VALUES (1662779,'THE MAJESTIC NZ');
INSERT INTO horse(HORSE_ID,NAME) VALUES (1718585,'PEPPERBERRY');
INSERT INTO horse(HORSE_ID,NAME) VALUES (1718875,'RAMBUNCTIOUS');
INSERT INTO horse(HORSE_ID,NAME) VALUES (1671035,'STARZZ IN DISGUISE');
INSERT INTO horse(HORSE_ID,NAME) VALUES (1718513,'SAX PLAYER');
INSERT INTO horse(HORSE_ID,NAME) VALUES (1696955,'FUNKY OLE MEDINA');
INSERT INTO horse(HORSE_ID,NAME) VALUES (1683236,'OUR AMAZING GRACE');
INSERT INTO horse(HORSE_ID,NAME) VALUES (1712211,'EXTRADITE NZ');
INSERT INTO horse(HORSE_ID,NAME) VALUES (1685009,'ENEMY LINES');
INSERT INTO horse(HORSE_ID,NAME) VALUES (1715050,'FATAL ATTACK');
INSERT INTO horse(HORSE_ID,NAME) VALUES (1704238,'SCHNAPPSHOT');
INSERT INTO horse(HORSE_ID,NAME) VALUES (1704960,'BLACKJEWEL');
INSERT INTO horse(HORSE_ID,NAME) VALUES (1681431,'IVANOV NZ');
INSERT INTO horse(HORSE_ID,NAME) VALUES (1742969,'MAJESTIC SIMON NZ');
INSERT INTO horse(HORSE_ID,NAME) VALUES (1644448,'OUTLAW FELLA');
INSERT INTO horse(HORSE_ID,NAME) VALUES (1681386,'OUR LITTLE DIGGER');
INSERT INTO horse(HORSE_ID,NAME) VALUES (1707901,'MISTER DIAMOND');
INSERT INTO horse(HORSE_ID,NAME) VALUES (1666602,'FOUR STARZZZ FORSA');
INSERT INTO horse(HORSE_ID,NAME) VALUES (1691735,'CRIME TIME');
INSERT INTO horse(HORSE_ID,NAME) VALUES (1707364,'DEE DOUBLE YOU');
INSERT INTO horse(HORSE_ID,NAME) VALUES (1744322,'WAHS FIRE BUG NZ');
INSERT INTO horse(HORSE_ID,NAME) VALUES (1690837,'I AM SERENGETI NZ');
INSERT INTO horse(HORSE_ID,NAME) VALUES (1688872,'UNDER WORKED NZ');
INSERT INTO horse(HORSE_ID,NAME) VALUES (1703180,'WALKABOUT SUNRISE');
INSERT INTO horse(HORSE_ID,NAME) VALUES (1754888,'HOLD BACK THE RIVER NZ');
INSERT INTO horse(HORSE_ID,NAME) VALUES (1708147,'KHAWAJA');
INSERT INTO horse(HORSE_ID,NAME) VALUES (1704693,'ONE HORN BILLY');
INSERT INTO horse(HORSE_ID,NAME) VALUES (1705683,'IMPERIALS GEM');
INSERT INTO horse(HORSE_ID,NAME) VALUES (1672017,'GOD SAKE');
INSERT INTO horse(HORSE_ID,NAME) VALUES (1704424,'CEE CEE AMBRO');
INSERT INTO horse(HORSE_ID,NAME) VALUES (1687707,'HARRY TURBO');
INSERT INTO horse(HORSE_ID,NAME) VALUES (1711104,'ROCKNROLL FEVER');
INSERT INTO horse(HORSE_ID,NAME) VALUES (1710182,'FUNNILY ENOUGH');
INSERT INTO horse(HORSE_ID,NAME) VALUES (1695020,'IDEAL SUSPECT');
INSERT INTO horse(HORSE_ID,NAME) VALUES (1710116,'ROSLYN GAYE');
INSERT INTO horse(HORSE_ID,NAME) VALUES (1705531,'LORD COMMANDER');
INSERT INTO horse(HORSE_ID,NAME) VALUES (1728149,'TREASURE RAINBOW');
INSERT INTO horse(HORSE_ID,NAME) VALUES (1672704,'FATOUCHE');
INSERT INTO horse(HORSE_ID,NAME) VALUES (1707285,'ZEPHIANE');
INSERT INTO horse(HORSE_ID,NAME) VALUES (1672896,'MYSTIC CHIP');
INSERT INTO horse(HORSE_ID,NAME) VALUES (1724437,'RADIANT ROSE');
INSERT INTO horse(HORSE_ID,NAME) VALUES (1720042,'BEAU STEELE');
INSERT INTO horse(HORSE_ID,NAME) VALUES (1708401,'IDYLLIC PRINCESS');
INSERT INTO horse(HORSE_ID,NAME) VALUES (1708288,'CHANGINGOFTHEGUARD');
INSERT INTO horse(HORSE_ID,NAME) VALUES (1732642,'FOVEAUX MAJOR NZ');
INSERT INTO horse(HORSE_ID,NAME) VALUES (1707618,'FIREPLAY');
INSERT INTO horse(HORSE_ID,NAME) VALUES (1681292,'MONDOOLEY MACH');
INSERT INTO horse(HORSE_ID,NAME) VALUES (1637088,'WESTERN DROVER');
INSERT INTO horse(HORSE_ID,NAME) VALUES (1725098,'THE LIGHTNING STRIKE NZ');
INSERT INTO horse(HORSE_ID,NAME) VALUES (1721122,'NIGEL ERNEST');
INSERT INTO horse(HORSE_ID,NAME) VALUES (1705589,'MOLLY MONTANA');
INSERT INTO horse(HORSE_ID,NAME) VALUES (1711942,'TAUMALOLO');
INSERT INTO horse(HORSE_ID,NAME) VALUES (1721719,'JEDDY R YA READY NZ');
INSERT INTO horse(HORSE_ID,NAME) VALUES (1686594,'JUST ROKIN');
INSERT INTO horse(HORSE_ID,NAME) VALUES (1743729,'ONE CHANGE NZ');
INSERT INTO horse(HORSE_ID,NAME) VALUES (1710425,'AMILLION PROMISES');
INSERT INTO horse(HORSE_ID,NAME) VALUES (1667415,'GASMONKEY');
INSERT INTO horse(HORSE_ID,NAME) VALUES (1702216,'JUSTA DALE NZ');
INSERT INTO horse(HORSE_ID,NAME) VALUES (1733224,'OUR FRIEND NZ');
INSERT INTO horse(HORSE_ID,NAME) VALUES (1710203,'LITTLELIONELJAMES');
INSERT INTO horse(HORSE_ID,NAME) VALUES (1692217,'ONYA DOUG');
INSERT INTO horse(HORSE_ID,NAME) VALUES (1619494,'MY ULTIMATE HELL');
INSERT INTO horse(HORSE_ID,NAME) VALUES (1754118,'THE MAHARANI NZ');
INSERT INTO horse(HORSE_ID,NAME) VALUES (1735822,'CLOUD NINE NZ');
INSERT INTO horse(HORSE_ID,NAME) VALUES (1701747,'SHANOCON NZ');
INSERT INTO horse(HORSE_ID,NAME) VALUES (1725196,'GLENLEDI BOY NZ');
INSERT INTO horse(HORSE_ID,NAME) VALUES (1686197,'JAKES SPORTWRITER');
INSERT INTO horse(HORSE_ID,NAME) VALUES (1713785,'PEMBROOKS PASSION NZ');
INSERT INTO horse(HORSE_ID,NAME) VALUES (1704962,'FATHER BOB');
INSERT INTO horse(HORSE_ID,NAME) VALUES (1661582,'KYVALLEY BOOMERANG');
INSERT INTO horse(HORSE_ID,NAME) VALUES (1754796,'KARMIC ROSE NZ');
INSERT INTO horse(HORSE_ID,NAME) VALUES (1680627,'UNIVERSAL PEGASUS');
INSERT INTO horse(HORSE_ID,NAME) VALUES (1745262,'LAYDEENWAITING NZ');
INSERT INTO horse(HORSE_ID,NAME) VALUES (1705024,'POCKET BLASTER');
INSERT INTO horse(HORSE_ID,NAME) VALUES (1668584,'BETTORBETBIG');
INSERT INTO horse(HORSE_ID,NAME) VALUES (1724115,'PELICAN FLY');
INSERT INTO horse(HORSE_ID,NAME) VALUES (1718464,'NAAMARK');
INSERT INTO horse(HORSE_ID,NAME) VALUES (1710909,'JESSZZ REFLECTION');
INSERT INTO horse(HORSE_ID,NAME) VALUES (1723121,'HEZA BLASTER');
INSERT INTO horse(HORSE_ID,NAME) VALUES (1745158,'OPAL NZ');
INSERT INTO horse(HORSE_ID,NAME) VALUES (1696814,'CASTLE RETREAT');
INSERT INTO horse(HORSE_ID,NAME) VALUES (1710122,'ARGY BARGY');
INSERT INTO horse(HORSE_ID,NAME) VALUES (1727411,'LADIES IN RED');
INSERT INTO horse(HORSE_ID,NAME) VALUES (1728296,'NIGHT SCHOOL');
INSERT INTO horse(HORSE_ID,NAME) VALUES (1732910,'MY GOLDEN EAGLE');
INSERT INTO horse(HORSE_ID,NAME) VALUES (1696740,'KALARNEY HEIDI');
INSERT INTO horse(HORSE_ID,NAME) VALUES (1723040,'LA LA BRON');
INSERT INTO horse(HORSE_ID,NAME) VALUES (1708273,'GIGIS GRINNER');
INSERT INTO horse(HORSE_ID,NAME) VALUES (1708081,'RAMBLEON');
INSERT INTO horse(HORSE_ID,NAME) VALUES (1694101,'MISS VUNG TAU');
INSERT INTO horse(HORSE_ID,NAME) VALUES (1719114,'INTHESKYROCKET');
INSERT INTO horse(HORSE_ID,NAME) VALUES (1628177,'THE BLACK CARDINAL');
INSERT INTO horse(HORSE_ID,NAME) VALUES (1699769,'FRANCO HAMMOND NZ');
INSERT INTO horse(HORSE_ID,NAME) VALUES (1671957,'STAR ARMBRO');
INSERT INTO horse(HORSE_ID,NAME) VALUES (1718060,'REMIT ME WHITBY');
INSERT INTO horse(HORSE_ID,NAME) VALUES (1656908,'DWAYNE');
INSERT INTO horse(HORSE_ID,NAME) VALUES (1712360,'TWENTYNINE TWELVE NZ');
INSERT INTO horse(HORSE_ID,NAME) VALUES (1658643,'SEEKNYOUSHALLFIND');
INSERT INTO horse(HORSE_ID,NAME) VALUES (1495419,'MAXIMUM DEMAND');
INSERT INTO horse(HORSE_ID,NAME) VALUES (1696951,'IM THOR');
INSERT INTO horse(HORSE_ID,NAME) VALUES (1716292,'MIRACLE MAX');
INSERT INTO horse(HORSE_ID,NAME) VALUES (1722626,'ASHBY');
INSERT INTO horse(HORSE_ID,NAME) VALUES (1715746,'SHES ALL STAR');
INSERT INTO horse(HORSE_ID,NAME) VALUES (1716878,'MISS LILY MAY');
INSERT INTO horse(HORSE_ID,NAME) VALUES (1674382,'CLARRY');
INSERT INTO horse(HORSE_ID,NAME) VALUES (1730312,'HAVANA MOON NZ');
INSERT INTO horse(HORSE_ID,NAME) VALUES (1743150,'NO DOUBT NZ');
INSERT INTO horse(HORSE_ID,NAME) VALUES (1708328,'JILLIBY JACKPOT');
INSERT INTO horse(HORSE_ID,NAME) VALUES (1703274,'LEFT A TERROR');
INSERT INTO horse(HORSE_ID,NAME) VALUES (1716885,'ROCKS OR DIAMONDS');
INSERT INTO horse(HORSE_ID,NAME) VALUES (1699342,'THE RAGNBONE MAN');
INSERT INTO horse(HORSE_ID,NAME) VALUES (1703255,'WHA HAE');
INSERT INTO horse(HORSE_ID,NAME) VALUES (1723037,'SPY MAJOR');
INSERT INTO horse(HORSE_ID,NAME) VALUES (1707569,'KING TRITON');
INSERT INTO horse(HORSE_ID,NAME) VALUES (1696192,'KLEENED OUT NZ');
INSERT INTO horse(HORSE_ID,NAME) VALUES (1689787,'COME AT ME');
INSERT INTO horse(HORSE_ID,NAME) VALUES (1658681,'AGENT MAORI');
INSERT INTO horse(HORSE_ID,NAME) VALUES (1711645,'ORLANDO STORM');
INSERT INTO horse(HORSE_ID,NAME) VALUES (1704064,'MAJOR HUSS');
INSERT INTO horse(HORSE_ID,NAME) VALUES (1710965,'KILLARA INSANITY');
INSERT INTO horse(HORSE_ID,NAME) VALUES (1710754,'WESTERN RICKI');
INSERT INTO horse(HORSE_ID,NAME) VALUES (1664622,'SOHO BEIJING');
INSERT INTO horse(HORSE_ID,NAME) VALUES (1640243,'SPECIAL BET');
INSERT INTO horse(HORSE_ID,NAME) VALUES (1702161,'TURBO BROMAC NZ');
INSERT INTO horse(HORSE_ID,NAME) VALUES (1641864,'TOPSIE GRINNER');
INSERT INTO horse(HORSE_ID,NAME) VALUES (1682348,'BLACK DERBY');
INSERT INTO horse(HORSE_ID,NAME) VALUES (1696733,'BLUES TERROR');
INSERT INTO horse(HORSE_ID,NAME) VALUES (1718948,'HESTY');
INSERT INTO horse(HORSE_ID,NAME) VALUES (1708910,'CRESCO GOLDIGGER');
INSERT INTO horse(HORSE_ID,NAME) VALUES (1684038,'REBELLIN RUBY');
INSERT INTO horse(HORSE_ID,NAME) VALUES (1695701,'CAMSTAR ROAD');
INSERT INTO horse(HORSE_ID,NAME) VALUES (1732384,'MISTER CRACKER');
INSERT INTO horse(HORSE_ID,NAME) VALUES (1718762,'VENKMAN');
INSERT INTO horse(HORSE_ID,NAME) VALUES (1716454,'BARBADOS BABE');
INSERT INTO horse(HORSE_ID,NAME) VALUES (1707332,'BONNY TAYLAH');
INSERT INTO horse(HORSE_ID,NAME) VALUES (1742950,'BEACH TIME');
INSERT INTO horse(HORSE_ID,NAME) VALUES (1625920,'COUNT MATAI');
INSERT INTO horse(HORSE_ID,NAME) VALUES (1702766,'KATA NOI BEACH');
INSERT INTO horse(HORSE_ID,NAME) VALUES (1696322,'SHOW YOU THE STARS');
INSERT INTO horse(HORSE_ID,NAME) VALUES (1714961,'REAL LOVE NZ');
INSERT INTO horse(HORSE_ID,NAME) VALUES (1715744,'ROYAL ORDER');
INSERT INTO horse(HORSE_ID,NAME) VALUES (1706084,'BETTYS LASS');
INSERT INTO horse(HORSE_ID,NAME) VALUES (1707878,'PIERRE WHITBY');
INSERT INTO horse(HORSE_ID,NAME) VALUES (1696983,'IM BETA THAN GOUDA');
INSERT INTO horse(HORSE_ID,NAME) VALUES (1698176,'KOHLI');
INSERT INTO horse(HORSE_ID,NAME) VALUES (1724998,'TINSELTOWN NZ');
INSERT INTO horse(HORSE_ID,NAME) VALUES (1682137,'IMPRESSIVE SIGNS');
INSERT INTO horse(HORSE_ID,NAME) VALUES (1703705,'SIXPENNY RED');
INSERT INTO horse(HORSE_ID,NAME) VALUES (1660684,'LANSBURY');
INSERT INTO horse(HORSE_ID,NAME) VALUES (1700490,'COULDNTBETOLD NZ');
INSERT INTO horse(HORSE_ID,NAME) VALUES (1694641,'CORSINI');
INSERT INTO horse(HORSE_ID,NAME) VALUES (1714513,'GOTTA MOMENT NZ');
INSERT INTO horse(HORSE_ID,NAME) VALUES (1711304,'DYNAMIC BROMAC NZ');
INSERT INTO horse(HORSE_ID,NAME) VALUES (1720420,'TORQUE ONETWOTHREE');
INSERT INTO horse(HORSE_ID,NAME) VALUES (1717028,'INDEFENSIBLE');
INSERT INTO horse(HORSE_ID,NAME) VALUES (1735733,'GLENS OF TEKOA NZ');
INSERT INTO horse(HORSE_ID,NAME) VALUES (1709139,'BENTLY BULLET');
INSERT INTO horse(HORSE_ID,NAME) VALUES (1754630,'BOOTS ELECTRIC NZ');
INSERT INTO horse(HORSE_ID,NAME) VALUES (1714318,'TWO PLY NZ');
INSERT INTO horse(HORSE_ID,NAME) VALUES (1714254,'CHAPTER ONE NZ');
INSERT INTO horse(HORSE_ID,NAME) VALUES (1680945,'HIDDEN COURAGE');
INSERT INTO horse(HORSE_ID,NAME) VALUES (1670594,'TIMELY SOVEREIGN');
INSERT INTO horse(HORSE_ID,NAME) VALUES (1745395,'RICHARD THE THIRD NZ');
INSERT INTO horse(HORSE_ID,NAME) VALUES (1652704,'SCENIC SKY');
INSERT INTO horse(HORSE_ID,NAME) VALUES (1708539,'GET READY TO ROCK');
INSERT INTO horse(HORSE_ID,NAME) VALUES (1720405,'MANHATTAN ISLAND');
INSERT INTO horse(HORSE_ID,NAME) VALUES (1696913,'SHEZSAVVY');
INSERT INTO horse(HORSE_ID,NAME) VALUES (1699106,'POP THE PORSH');
INSERT INTO horse(HORSE_ID,NAME) VALUES (1722500,'SKIPPERS SWAN SONG');
INSERT INTO horse(HORSE_ID,NAME) VALUES (1693024,'CALCULATED RISK');
INSERT INTO horse(HORSE_ID,NAME) VALUES (1643357,'DAWN OFA NEW BREW');
INSERT INTO horse(HORSE_ID,NAME) VALUES (1706131,'MUSTANG CRUISER');
INSERT INTO horse(HORSE_ID,NAME) VALUES (1722534,'GOLDEN ZARA');
INSERT INTO horse(HORSE_ID,NAME) VALUES (1682841,'OUR STELLA ROSE');
INSERT INTO horse(HORSE_ID,NAME) VALUES (1717051,'SLICK BLASTER');
INSERT INTO horse(HORSE_ID,NAME) VALUES (1684989,'MACHKORI');
INSERT INTO horse(HORSE_ID,NAME) VALUES (1737467,'JOE POWELL NZ');
INSERT INTO horse(HORSE_ID,NAME) VALUES (1707552,'AUCKLAND STAR');
INSERT INTO horse(HORSE_ID,NAME) VALUES (1715121,'ROLLWITHPRISCILLA');
INSERT INTO horse(HORSE_ID,NAME) VALUES (1701365,'MAJORESS JUJON');
INSERT INTO horse(HORSE_ID,NAME) VALUES (1676689,'FLANEUR');
INSERT INTO horse(HORSE_ID,NAME) VALUES (1709134,'ANDREAMER');
INSERT INTO horse(HORSE_ID,NAME) VALUES (1688642,'THE RESTAURANTEUR');





INSERT INTO race_field(race_field_ID,RACE_CODE,HORSE_ID,SADDLE_CLOTH_NUMBER,PLACE,STATUS) VALUES (9121587,'APC01092014',1731718,2,'1','STARTER');
INSERT INTO race_field(race_field_ID,RACE_CODE,HORSE_ID,SADDLE_CLOTH_NUMBER,PLACE,STATUS) VALUES (9121588,'APC01092014',1717028,3,'2','STARTER');
INSERT INTO race_field(race_field_ID,RACE_CODE,HORSE_ID,SADDLE_CLOTH_NUMBER,PLACE,STATUS) VALUES (9121405,'APC01092014',1740019,1,'3','STARTER');
INSERT INTO race_field(race_field_ID,RACE_CODE,HORSE_ID,SADDLE_CLOTH_NUMBER,PLACE,STATUS) VALUES (9121619,'APC01092014',1721442,4,'4','STARTER');
INSERT INTO race_field(race_field_ID,RACE_CODE,HORSE_ID,SADDLE_CLOTH_NUMBER,PLACE,STATUS) VALUES (9121589,'APC01092013',1681431,6,'5','STARTER');
INSERT INTO race_field(race_field_ID,RACE_CODE,HORSE_ID,SADDLE_CLOTH_NUMBER,PLACE,STATUS) VALUES (9120954,'APC01092013',1660684,4,'7','STARTER');
INSERT INTO race_field(race_field_ID,RACE_CODE,HORSE_ID,SADDLE_CLOTH_NUMBER,PLACE,STATUS) VALUES (9121623,'APC01092013',1680889,7,'8','STARTER');
INSERT INTO race_field(race_field_ID,RACE_CODE,HORSE_ID,SADDLE_CLOTH_NUMBER,PLACE,STATUS) VALUES (9121621,'APC01092013',1704874,5,'6','STARTER');
INSERT INTO race_field(race_field_ID,RACE_CODE,HORSE_ID,SADDLE_CLOTH_NUMBER,PLACE,STATUS) VALUES (9121392,'APC01092013',1690321,3,'9','STARTER');
INSERT INTO race_field(race_field_ID,RACE_CODE,HORSE_ID,SADDLE_CLOTH_NUMBER,PLACE,STATUS) VALUES (9121793,'APC01092013',1721719,8,'4','STARTER');
INSERT INTO race_field(race_field_ID,RACE_CODE,HORSE_ID,SADDLE_CLOTH_NUMBER,PLACE,STATUS) VALUES (9121256,'APC01092013',1702604,1,'1','STARTER');
INSERT INTO race_field(race_field_ID,RACE_CODE,HORSE_ID,SADDLE_CLOTH_NUMBER,PLACE,STATUS) VALUES (9121784,'APC01092013',1631456,2,'3','STARTER');
INSERT INTO race_field(race_field_ID,RACE_CODE,HORSE_ID,SADDLE_CLOTH_NUMBER,PLACE,STATUS) VALUES (9121704,'APC01092013',1742969,9,'2','STARTER');
INSERT INTO race_field(race_field_ID,RACE_CODE,HORSE_ID,SADDLE_CLOTH_NUMBER,PLACE,STATUS) VALUES (9121550,'APC01092013',1701162,NULL,NULL,'SCRATCHED');
INSERT INTO race_field(race_field_ID,RACE_CODE,HORSE_ID,SADDLE_CLOTH_NUMBER,PLACE,STATUS) VALUES (9121249,'APC01092001',1695744,5,'3','STARTER');
INSERT INTO race_field(race_field_ID,RACE_CODE,HORSE_ID,SADDLE_CLOTH_NUMBER,PLACE,STATUS) VALUES (9121661,'APC01092001',1743729,8,'1','STARTER');
INSERT INTO race_field(race_field_ID,RACE_CODE,HORSE_ID,SADDLE_CLOTH_NUMBER,PLACE,STATUS) VALUES (9121429,'APC01092001',1686594,3,'2','STARTER');
INSERT INTO race_field(race_field_ID,RACE_CODE,HORSE_ID,SADDLE_CLOTH_NUMBER,PLACE,STATUS) VALUES (9121432,'APC01092001',1682722,1,'4','STARTER');
INSERT INTO race_field(race_field_ID,RACE_CODE,HORSE_ID,SADDLE_CLOTH_NUMBER,PLACE,STATUS) VALUES (9121431,'APC01092001',1619517,4,NULL,'SCRATCHED');
INSERT INTO race_field(race_field_ID,RACE_CODE,HORSE_ID,SADDLE_CLOTH_NUMBER,PLACE,STATUS) VALUES (9121422,'APC01092001',1653900,7,'7','STARTER');
INSERT INTO race_field(race_field_ID,RACE_CODE,HORSE_ID,SADDLE_CLOTH_NUMBER,PLACE,STATUS) VALUES (9121377,'APC01092001',1674382,6,'6','STARTER');
INSERT INTO race_field(race_field_ID,RACE_CODE,HORSE_ID,SADDLE_CLOTH_NUMBER,PLACE,STATUS) VALUES (9121485,'APC01092001',1730312,2,'5','STARTER');
INSERT INTO race_field(race_field_ID,RACE_CODE,HORSE_ID,SADDLE_CLOTH_NUMBER,PLACE,STATUS) VALUES (9121724,'APC01092006',1716878,3,'10','STARTER');
INSERT INTO race_field(race_field_ID,RACE_CODE,HORSE_ID,SADDLE_CLOTH_NUMBER,PLACE,STATUS) VALUES (9121768,'APC01092006',1705589,NULL,NULL,'SCRATCHED');
INSERT INTO race_field(race_field_ID,RACE_CODE,HORSE_ID,SADDLE_CLOTH_NUMBER,PLACE,STATUS) VALUES (9121795,'APC01092006',1711942,5,'4','STARTER');
INSERT INTO race_field(race_field_ID,RACE_CODE,HORSE_ID,SADDLE_CLOTH_NUMBER,PLACE,STATUS) VALUES (9121785,'APC01092006',1703285,4,'6','STARTER');
INSERT INTO race_field(race_field_ID,RACE_CODE,HORSE_ID,SADDLE_CLOTH_NUMBER,PLACE,STATUS) VALUES (9121792,'APC01092006',1704238,6,'8','STARTER');
INSERT INTO race_field(race_field_ID,RACE_CODE,HORSE_ID,SADDLE_CLOTH_NUMBER,PLACE,STATUS) VALUES (9121816,'APC01092006',1703705,10,'9','STARTER');
INSERT INTO race_field(race_field_ID,RACE_CODE,HORSE_ID,SADDLE_CLOTH_NUMBER,PLACE,STATUS) VALUES (9121396,'APC01092006',1752814,2,'2','STARTER');
INSERT INTO race_field(race_field_ID,RACE_CODE,HORSE_ID,SADDLE_CLOTH_NUMBER,PLACE,STATUS) VALUES (9121412,'APC01092006',1707157,9,'5','STARTER');
INSERT INTO race_field(race_field_ID,RACE_CODE,HORSE_ID,SADDLE_CLOTH_NUMBER,PLACE,STATUS) VALUES (9121591,'APC01092006',1703955,1,'1','STARTER');
INSERT INTO race_field(race_field_ID,RACE_CODE,HORSE_ID,SADDLE_CLOTH_NUMBER,PLACE,STATUS) VALUES (9121681,'APC01092006',1695392,7,'7','STARTER');
INSERT INTO race_field(race_field_ID,RACE_CODE,HORSE_ID,SADDLE_CLOTH_NUMBER,PLACE,STATUS) VALUES (9121532,'APC01092006',1704960,8,'3','STARTER');
INSERT INTO race_field(race_field_ID,RACE_CODE,HORSE_ID,SADDLE_CLOTH_NUMBER,PLACE,STATUS) VALUES (9121766,'APC01092005',1632320,4,'5','STARTER');
INSERT INTO race_field(race_field_ID,RACE_CODE,HORSE_ID,SADDLE_CLOTH_NUMBER,PLACE,STATUS) VALUES (9121781,'APC01092005',1710203,8,'7','STARTER');
INSERT INTO race_field(race_field_ID,RACE_CODE,HORSE_ID,SADDLE_CLOTH_NUMBER,PLACE,STATUS) VALUES (9121393,'APC01092005',1699342,3,'9','STARTER');
INSERT INTO race_field(race_field_ID,RACE_CODE,HORSE_ID,SADDLE_CLOTH_NUMBER,PLACE,STATUS) VALUES (9121406,'APC01092005',1692217,6,'8','STARTER');
INSERT INTO race_field(race_field_ID,RACE_CODE,HORSE_ID,SADDLE_CLOTH_NUMBER,PLACE,STATUS) VALUES (9121440,'APC01092005',1666602,10,'1','STARTER');
INSERT INTO race_field(race_field_ID,RACE_CODE,HORSE_ID,SADDLE_CLOTH_NUMBER,PLACE,STATUS) VALUES (9121750,'APC01092005',1619494,2,'6','STARTER');
INSERT INTO race_field(race_field_ID,RACE_CODE,HORSE_ID,SADDLE_CLOTH_NUMBER,PLACE,STATUS) VALUES (9121498,'APC01092005',1687927,NULL,NULL,'SCRATCHED');
INSERT INTO race_field(race_field_ID,RACE_CODE,HORSE_ID,SADDLE_CLOTH_NUMBER,PLACE,STATUS) VALUES (9121604,'APC01092005',1699810,9,'4','STARTER');
INSERT INTO race_field(race_field_ID,RACE_CODE,HORSE_ID,SADDLE_CLOTH_NUMBER,PLACE,STATUS) VALUES (9121251,'APC01092005',1722487,7,'10','STARTER');
INSERT INTO race_field(race_field_ID,RACE_CODE,HORSE_ID,SADDLE_CLOTH_NUMBER,PLACE,STATUS) VALUES (9121560,'APC01092005',1716885,5,'2','STARTER');
INSERT INTO race_field(race_field_ID,RACE_CODE,HORSE_ID,SADDLE_CLOTH_NUMBER,PLACE,STATUS) VALUES (9121380,'APC01092005',1706824,1,'3','STARTER');
INSERT INTO race_field(race_field_ID,RACE_CODE,HORSE_ID,SADDLE_CLOTH_NUMBER,PLACE,STATUS) VALUES (9121614,'APC01092002',1636219,8,'3','STARTER');
INSERT INTO race_field(race_field_ID,RACE_CODE,HORSE_ID,SADDLE_CLOTH_NUMBER,PLACE,STATUS) VALUES (9121434,'APC01092002',1695677,5,'7','STARTER');
INSERT INTO race_field(race_field_ID,RACE_CODE,HORSE_ID,SADDLE_CLOTH_NUMBER,PLACE,STATUS) VALUES (9121791,'APC01092002',1681386,4,'9','STARTER');
INSERT INTO race_field(race_field_ID,RACE_CODE,HORSE_ID,SADDLE_CLOTH_NUMBER,PLACE,STATUS) VALUES (9121409,'APC01092002',1719955,7,'8','STARTER');
INSERT INTO race_field(race_field_ID,RACE_CODE,HORSE_ID,SADDLE_CLOTH_NUMBER,PLACE,STATUS) VALUES (9121664,'APC01092002',1711304,3,'6','STARTER');
INSERT INTO race_field(race_field_ID,RACE_CODE,HORSE_ID,SADDLE_CLOTH_NUMBER,PLACE,STATUS) VALUES (9121789,'APC01092002',1656571,10,'5','STARTER');
INSERT INTO race_field(race_field_ID,RACE_CODE,HORSE_ID,SADDLE_CLOTH_NUMBER,PLACE,STATUS) VALUES (9121685,'APC01092002',1656019,1,'1','STARTER');
INSERT INTO race_field(race_field_ID,RACE_CODE,HORSE_ID,SADDLE_CLOTH_NUMBER,PLACE,STATUS) VALUES (9121394,'APC01092002',1667415,6,'10','STARTER');
INSERT INTO race_field(race_field_ID,RACE_CODE,HORSE_ID,SADDLE_CLOTH_NUMBER,PLACE,STATUS) VALUES (9121252,'APC01092002',1644448,2,'2','STARTER');
INSERT INTO race_field(race_field_ID,RACE_CODE,HORSE_ID,SADDLE_CLOTH_NUMBER,PLACE,STATUS) VALUES (9121702,'APC01092002',1721794,9,'4','STARTER');
INSERT INTO race_field(race_field_ID,RACE_CODE,HORSE_ID,SADDLE_CLOTH_NUMBER,PLACE,STATUS) VALUES (9121762,'APC01092003',1680874,1,'5','STARTER');
INSERT INTO race_field(race_field_ID,RACE_CODE,HORSE_ID,SADDLE_CLOTH_NUMBER,PLACE,STATUS) VALUES (9121378,'APC01092003',1708844,8,'4','STARTER');
INSERT INTO race_field(race_field_ID,RACE_CODE,HORSE_ID,SADDLE_CLOTH_NUMBER,PLACE,STATUS) VALUES (9121616,'APC01092003',1741280,2,'1','STARTER');
INSERT INTO race_field(race_field_ID,RACE_CODE,HORSE_ID,SADDLE_CLOTH_NUMBER,PLACE,STATUS) VALUES (9121612,'APC01092003',1709742,5,'10','STARTER');
INSERT INTO race_field(race_field_ID,RACE_CODE,HORSE_ID,SADDLE_CLOTH_NUMBER,PLACE,STATUS) VALUES (9121705,'APC01092003',1710425,12,'2','STARTER');
INSERT INTO race_field(race_field_ID,RACE_CODE,HORSE_ID,SADDLE_CLOTH_NUMBER,PLACE,STATUS) VALUES (9121813,'APC01092003',1699699,7,'12','STARTER');
INSERT INTO race_field(race_field_ID,RACE_CODE,HORSE_ID,SADDLE_CLOTH_NUMBER,PLACE,STATUS) VALUES (9121812,'APC01092003',1714513,9,'7','STARTER');
INSERT INTO race_field(race_field_ID,RACE_CODE,HORSE_ID,SADDLE_CLOTH_NUMBER,PLACE,STATUS) VALUES (9121493,'APC01092003',1689700,NULL,NULL,'SCRATCHED');
INSERT INTO race_field(race_field_ID,RACE_CODE,HORSE_ID,SADDLE_CLOTH_NUMBER,PLACE,STATUS) VALUES (9121628,'APC01092003',1694641,10,'11','STARTER');
INSERT INTO race_field(race_field_ID,RACE_CODE,HORSE_ID,SADDLE_CLOTH_NUMBER,PLACE,STATUS) VALUES (9121787,'APC01092003',1667404,11,'6','STARTER');
INSERT INTO race_field(race_field_ID,RACE_CODE,HORSE_ID,SADDLE_CLOTH_NUMBER,PLACE,STATUS) VALUES (9121441,'APC01092003',1698421,6,'8','STARTER');
INSERT INTO race_field(race_field_ID,RACE_CODE,HORSE_ID,SADDLE_CLOTH_NUMBER,PLACE,STATUS) VALUES (9121411,'APC01092003',1706312,4,'3','STARTER');
INSERT INTO race_field(race_field_ID,RACE_CODE,HORSE_ID,SADDLE_CLOTH_NUMBER,PLACE,STATUS) VALUES (9121760,'APC01092003',1700490,3,'9','STARTER');
INSERT INTO race_field(race_field_ID,RACE_CODE,HORSE_ID,SADDLE_CLOTH_NUMBER,PLACE,STATUS) VALUES (9121794,'APC01092004',1743150,7,'10','STARTER');
INSERT INTO race_field(race_field_ID,RACE_CODE,HORSE_ID,SADDLE_CLOTH_NUMBER,PLACE,STATUS) VALUES (9121790,'APC01092004',1708962,2,'9','STARTER');
INSERT INTO race_field(race_field_ID,RACE_CODE,HORSE_ID,SADDLE_CLOTH_NUMBER,PLACE,STATUS) VALUES (9121748,'APC01092004',1708328,1,'6','STARTER');
INSERT INTO race_field(race_field_ID,RACE_CODE,HORSE_ID,SADDLE_CLOTH_NUMBER,PLACE,STATUS) VALUES (9121797,'APC01092004',1702216,9,'7','STARTER');
INSERT INTO race_field(race_field_ID,RACE_CODE,HORSE_ID,SADDLE_CLOTH_NUMBER,PLACE,STATUS) VALUES (9120976,'APC01092004',1685900,6,'5','STARTER');
INSERT INTO race_field(race_field_ID,RACE_CODE,HORSE_ID,SADDLE_CLOTH_NUMBER,PLACE,STATUS) VALUES (9121701,'APC01092004',1755072,4,'2','STARTER');
INSERT INTO race_field(race_field_ID,RACE_CODE,HORSE_ID,SADDLE_CLOTH_NUMBER,PLACE,STATUS) VALUES (9121528,'APC01092004',1707901,8,'3','STARTER');
INSERT INTO race_field(race_field_ID,RACE_CODE,HORSE_ID,SADDLE_CLOTH_NUMBER,PLACE,STATUS) VALUES (9121620,'APC01092004',1703274,5,'4','STARTER');
INSERT INTO race_field(race_field_ID,RACE_CODE,HORSE_ID,SADDLE_CLOTH_NUMBER,PLACE,STATUS) VALUES (9121720,'APC01092004',1733224,10,'1','STARTER');
INSERT INTO race_field(race_field_ID,RACE_CODE,HORSE_ID,SADDLE_CLOTH_NUMBER,PLACE,STATUS) VALUES (9121413,'APC01092004',1720420,3,'8','STARTER');
INSERT INTO race_field(race_field_ID,RACE_CODE,HORSE_ID,SADDLE_CLOTH_NUMBER,PLACE,STATUS) VALUES (9119142,'EYC01092009',1710278,9,NULL,'SCRATCHED');
INSERT INTO race_field(race_field_ID,RACE_CODE,HORSE_ID,SADDLE_CLOTH_NUMBER,PLACE,STATUS) VALUES (9119135,'EYC01092009',1710909,7,'7','STARTER');
INSERT INTO race_field(race_field_ID,RACE_CODE,HORSE_ID,SADDLE_CLOTH_NUMBER,PLACE,STATUS) VALUES (9120378,'EYC01092009',1693124,2,'8','STARTER');
INSERT INTO race_field(race_field_ID,RACE_CODE,HORSE_ID,SADDLE_CLOTH_NUMBER,PLACE,STATUS) VALUES (9122423,'EYC01092009',1723121,3,'2','STARTER');
INSERT INTO race_field(race_field_ID,RACE_CODE,HORSE_ID,SADDLE_CLOTH_NUMBER,PLACE,STATUS) VALUES (9121882,'EYC01092009',1665996,4,'5','STARTER');
INSERT INTO race_field(race_field_ID,RACE_CODE,HORSE_ID,SADDLE_CLOTH_NUMBER,PLACE,STATUS) VALUES (9120816,'EYC01092009',1697585,8,'6','STARTER');
INSERT INTO race_field(race_field_ID,RACE_CODE,HORSE_ID,SADDLE_CLOTH_NUMBER,PLACE,STATUS) VALUES (9119145,'EYC01092009',1709134,1,'1','STARTER');
INSERT INTO race_field(race_field_ID,RACE_CODE,HORSE_ID,SADDLE_CLOTH_NUMBER,PLACE,STATUS) VALUES (9122000,'EYC01092009',1688642,5,'4','STARTER');
INSERT INTO race_field(race_field_ID,RACE_CODE,HORSE_ID,SADDLE_CLOTH_NUMBER,PLACE,STATUS) VALUES (9122153,'EYC01092009',1702553,10,'3','STARTER');
INSERT INTO race_field(race_field_ID,RACE_CODE,HORSE_ID,SADDLE_CLOTH_NUMBER,PLACE,STATUS) VALUES (9122436,'EYC01092009',1745158,6,'9','STARTER');
INSERT INTO race_field(race_field_ID,RACE_CODE,HORSE_ID,SADDLE_CLOTH_NUMBER,PLACE,STATUS) VALUES (9122154,'EYC01092008',1696733,3,'4','STARTER');
INSERT INTO race_field(race_field_ID,RACE_CODE,HORSE_ID,SADDLE_CLOTH_NUMBER,PLACE,STATUS) VALUES (9122009,'EYC01092008',1710468,4,'1','STARTER');
INSERT INTO race_field(race_field_ID,RACE_CODE,HORSE_ID,SADDLE_CLOTH_NUMBER,PLACE,STATUS) VALUES (9121510,'EYC01092008',1710154,6,'5','STARTER');
INSERT INTO race_field(race_field_ID,RACE_CODE,HORSE_ID,SADDLE_CLOTH_NUMBER,PLACE,STATUS) VALUES (9120543,'EYC01092008',1692294,10,'3','STARTER');
INSERT INTO race_field(race_field_ID,RACE_CODE,HORSE_ID,SADDLE_CLOTH_NUMBER,PLACE,STATUS) VALUES (9122433,'EYC01092008',1701365,5,'9','STARTER');
INSERT INTO race_field(race_field_ID,RACE_CODE,HORSE_ID,SADDLE_CLOTH_NUMBER,PLACE,STATUS) VALUES (9122434,'EYC01092008',1698641,2,'2','STARTER');
INSERT INTO race_field(race_field_ID,RACE_CODE,HORSE_ID,SADDLE_CLOTH_NUMBER,PLACE,STATUS) VALUES (9122415,'EYC01092008',1676689,7,'7','STARTER');
INSERT INTO race_field(race_field_ID,RACE_CODE,HORSE_ID,SADDLE_CLOTH_NUMBER,PLACE,STATUS) VALUES (9122178,'EYC01092008',1718464,8,'8','STARTER');
INSERT INTO race_field(race_field_ID,RACE_CODE,HORSE_ID,SADDLE_CLOTH_NUMBER,PLACE,STATUS) VALUES (9120871,'EYC01092008',1686417,1,'6','STARTER');
INSERT INTO race_field(race_field_ID,RACE_CODE,HORSE_ID,SADDLE_CLOTH_NUMBER,PLACE,STATUS) VALUES (9122004,'EYC01092008',1682348,9,'7','STARTER');
INSERT INTO race_field(race_field_ID,RACE_CODE,HORSE_ID,SADDLE_CLOTH_NUMBER,PLACE,STATUS) VALUES (9122136,'EYC01092003',1721058,4,'6','STARTER');
INSERT INTO race_field(race_field_ID,RACE_CODE,HORSE_ID,SADDLE_CLOTH_NUMBER,PLACE,STATUS) VALUES (9122239,'EYC01092003',1720808,10,'7','STARTER');
INSERT INTO race_field(race_field_ID,RACE_CODE,HORSE_ID,SADDLE_CLOTH_NUMBER,PLACE,STATUS) VALUES (9122060,'EYC01092003',1704693,1,'8','STARTER');
INSERT INTO race_field(race_field_ID,RACE_CODE,HORSE_ID,SADDLE_CLOTH_NUMBER,PLACE,STATUS) VALUES (9122447,'EYC01092003',1722534,NULL,NULL,'SCRATCHED');
INSERT INTO race_field(race_field_ID,RACE_CODE,HORSE_ID,SADDLE_CLOTH_NUMBER,PLACE,STATUS) VALUES (9120544,'EYC01092003',1722722,NULL,NULL,'SCRATCHED');
INSERT INTO race_field(race_field_ID,RACE_CODE,HORSE_ID,SADDLE_CLOTH_NUMBER,PLACE,STATUS) VALUES (9122111,'EYC01092003',1694995,8,'4','STARTER');
INSERT INTO race_field(race_field_ID,RACE_CODE,HORSE_ID,SADDLE_CLOTH_NUMBER,PLACE,STATUS) VALUES (9120542,'EYC01092003',1706131,9,'3','STARTER');
INSERT INTO race_field(race_field_ID,RACE_CODE,HORSE_ID,SADDLE_CLOTH_NUMBER,PLACE,STATUS) VALUES (9122238,'EYC01092003',1702161,2,NULL,'SCRATCHED');
INSERT INTO race_field(race_field_ID,RACE_CODE,HORSE_ID,SADDLE_CLOTH_NUMBER,PLACE,STATUS) VALUES (9122159,'EYC01092003',1648087,6,NULL,'SCRATCHED');
INSERT INTO race_field(race_field_ID,RACE_CODE,HORSE_ID,SADDLE_CLOTH_NUMBER,PLACE,STATUS) VALUES (9122115,'EYC01092003',1698628,3,'1','STARTER');
INSERT INTO race_field(race_field_ID,RACE_CODE,HORSE_ID,SADDLE_CLOTH_NUMBER,PLACE,STATUS) VALUES (9122262,'EYC01092003',1640243,5,'5','STARTER');
INSERT INTO race_field(race_field_ID,RACE_CODE,HORSE_ID,SADDLE_CLOTH_NUMBER,PLACE,STATUS) VALUES (9121893,'EYC01092003',1668584,7,'2','STARTER');
INSERT INTO race_field(race_field_ID,RACE_CODE,HORSE_ID,SADDLE_CLOTH_NUMBER,PLACE,STATUS) VALUES (9119133,'EYC01092004',1704251,10,'5','STARTER');
INSERT INTO race_field(race_field_ID,RACE_CODE,HORSE_ID,SADDLE_CLOTH_NUMBER,PLACE,STATUS) VALUES (9120594,'EYC01092004',1642229,4,'9','STARTER');
INSERT INTO race_field(race_field_ID,RACE_CODE,HORSE_ID,SADDLE_CLOTH_NUMBER,PLACE,STATUS) VALUES (9122215,'EYC01092004',1717051,9,'7','STARTER');
INSERT INTO race_field(race_field_ID,RACE_CODE,HORSE_ID,SADDLE_CLOTH_NUMBER,PLACE,STATUS) VALUES (9122446,'EYC01092004',1693779,2,'2','STARTER');
INSERT INTO race_field(race_field_ID,RACE_CODE,HORSE_ID,SADDLE_CLOTH_NUMBER,PLACE,STATUS) VALUES (9122444,'EYC01092004',1682261,1,'8','STARTER');
INSERT INTO race_field(race_field_ID,RACE_CODE,HORSE_ID,SADDLE_CLOTH_NUMBER,PLACE,STATUS) VALUES (9122420,'EYC01092004',1742688,8,'1','STARTER');
INSERT INTO race_field(race_field_ID,RACE_CODE,HORSE_ID,SADDLE_CLOTH_NUMBER,PLACE,STATUS) VALUES (9122473,'EYC01092004',1724115,7,'4','STARTER');
INSERT INTO race_field(race_field_ID,RACE_CODE,HORSE_ID,SADDLE_CLOTH_NUMBER,PLACE,STATUS) VALUES (9122358,'EYC01092004',1705683,5,NULL,'SCRATCHED');
INSERT INTO race_field(race_field_ID,RACE_CODE,HORSE_ID,SADDLE_CLOTH_NUMBER,PLACE,STATUS) VALUES (9122158,'EYC01092004',1716548,3,'6','STARTER');
INSERT INTO race_field(race_field_ID,RACE_CODE,HORSE_ID,SADDLE_CLOTH_NUMBER,PLACE,STATUS) VALUES (9121774,'EYC01092004',1682841,6,'3','STARTER');
INSERT INTO race_field(race_field_ID,RACE_CODE,HORSE_ID,SADDLE_CLOTH_NUMBER,PLACE,STATUS) VALUES (9122450,'EYC01092005',1687511,10,'6','STARTER');
INSERT INTO race_field(race_field_ID,RACE_CODE,HORSE_ID,SADDLE_CLOTH_NUMBER,PLACE,STATUS) VALUES (9119109,'EYC01092005',1684989,8,'8','STARTER');
INSERT INTO race_field(race_field_ID,RACE_CODE,HORSE_ID,SADDLE_CLOTH_NUMBER,PLACE,STATUS) VALUES (9121996,'EYC01092005',1672017,2,'3','STARTER');
INSERT INTO race_field(race_field_ID,RACE_CODE,HORSE_ID,SADDLE_CLOTH_NUMBER,PLACE,STATUS) VALUES (9122448,'EYC01092005',1713184,4,'7','STARTER');
INSERT INTO race_field(race_field_ID,RACE_CODE,HORSE_ID,SADDLE_CLOTH_NUMBER,PLACE,STATUS) VALUES (9121683,'EYC01092005',1700844,7,'9','STARTER');
INSERT INTO race_field(race_field_ID,RACE_CODE,HORSE_ID,SADDLE_CLOTH_NUMBER,PLACE,STATUS) VALUES (9122360,'EYC01092005',1687707,1,'4','STARTER');
INSERT INTO race_field(race_field_ID,RACE_CODE,HORSE_ID,SADDLE_CLOTH_NUMBER,PLACE,STATUS) VALUES (9120595,'EYC01092005',1642229,NULL,NULL,'SCRATCHED');
INSERT INTO race_field(race_field_ID,RACE_CODE,HORSE_ID,SADDLE_CLOTH_NUMBER,PLACE,STATUS) VALUES (9120380,'EYC01092005',1669655,9,'10','STARTER');
INSERT INTO race_field(race_field_ID,RACE_CODE,HORSE_ID,SADDLE_CLOTH_NUMBER,PLACE,STATUS) VALUES (9121798,'EYC01092005',1706472,6,'5','STARTER');
INSERT INTO race_field(race_field_ID,RACE_CODE,HORSE_ID,SADDLE_CLOTH_NUMBER,PLACE,STATUS) VALUES (9122160,'EYC01092005',1704424,5,'2','STARTER');
INSERT INTO race_field(race_field_ID,RACE_CODE,HORSE_ID,SADDLE_CLOTH_NUMBER,PLACE,STATUS) VALUES (9122049,'EYC01092005',1641864,3,'1','STARTER');
INSERT INTO race_field(race_field_ID,RACE_CODE,HORSE_ID,SADDLE_CLOTH_NUMBER,PLACE,STATUS) VALUES (9122118,'EYC01092002',1700972,7,'6','STARTER');
INSERT INTO race_field(race_field_ID,RACE_CODE,HORSE_ID,SADDLE_CLOTH_NUMBER,PLACE,STATUS) VALUES (9122403,'EYC01092002',1708147,6,NULL,'SCRATCHED');
INSERT INTO race_field(race_field_ID,RACE_CODE,HORSE_ID,SADDLE_CLOTH_NUMBER,PLACE,STATUS) VALUES (9121504,'EYC01092002',1693024,3,'8','STARTER');
INSERT INTO race_field(race_field_ID,RACE_CODE,HORSE_ID,SADDLE_CLOTH_NUMBER,PLACE,STATUS) VALUES (9122432,'EYC01092002',1717352,10,'4','STARTER');
INSERT INTO race_field(race_field_ID,RACE_CODE,HORSE_ID,SADDLE_CLOTH_NUMBER,PLACE,STATUS) VALUES (9122426,'EYC01092002',1664622,5,'2','STARTER');
INSERT INTO race_field(race_field_ID,RACE_CODE,HORSE_ID,SADDLE_CLOTH_NUMBER,PLACE,STATUS) VALUES (9122237,'EYC01092002',1656885,8,'9','STARTER');
INSERT INTO race_field(race_field_ID,RACE_CODE,HORSE_ID,SADDLE_CLOTH_NUMBER,PLACE,STATUS) VALUES (9122241,'EYC01092002',1714811,4,'3','STARTER');
INSERT INTO race_field(race_field_ID,RACE_CODE,HORSE_ID,SADDLE_CLOTH_NUMBER,PLACE,STATUS) VALUES (9122276,'EYC01092002',1722500,1,'7','STARTER');
INSERT INTO race_field(race_field_ID,RACE_CODE,HORSE_ID,SADDLE_CLOTH_NUMBER,PLACE,STATUS) VALUES (9122150,'EYC01092002',1671225,2,'5','STARTER');
INSERT INTO race_field(race_field_ID,RACE_CODE,HORSE_ID,SADDLE_CLOTH_NUMBER,PLACE,STATUS) VALUES (9122050,'EYC01092002',1643357,9,'1','STARTER');
INSERT INTO race_field(race_field_ID,RACE_CODE,HORSE_ID,SADDLE_CLOTH_NUMBER,PLACE,STATUS) VALUES (9122428,'EYC01092007',1740913,9,'1','STARTER');
INSERT INTO race_field(race_field_ID,RACE_CODE,HORSE_ID,SADDLE_CLOTH_NUMBER,PLACE,STATUS) VALUES (9119139,'EYC01092007',1710182,6,'7','STARTER');
INSERT INTO race_field(race_field_ID,RACE_CODE,HORSE_ID,SADDLE_CLOTH_NUMBER,PLACE,STATUS) VALUES (9122439,'EYC01092007',1715121,7,'10','STARTER');
INSERT INTO race_field(race_field_ID,RACE_CODE,HORSE_ID,SADDLE_CLOTH_NUMBER,PLACE,STATUS) VALUES (9120592,'EYC01092007',1685670,1,'3','STARTER');
INSERT INTO race_field(race_field_ID,RACE_CODE,HORSE_ID,SADDLE_CLOTH_NUMBER,PLACE,STATUS) VALUES (9119651,'EYC01092007',1665796,10,'5','STARTER');
INSERT INTO race_field(race_field_ID,RACE_CODE,HORSE_ID,SADDLE_CLOTH_NUMBER,PLACE,STATUS) VALUES (9121684,'EYC01092007',1711104,8,'2','STARTER');
INSERT INTO race_field(race_field_ID,RACE_CODE,HORSE_ID,SADDLE_CLOTH_NUMBER,PLACE,STATUS) VALUES (9121508,'EYC01092007',1707552,4,'6','STARTER');
INSERT INTO race_field(race_field_ID,RACE_CODE,HORSE_ID,SADDLE_CLOTH_NUMBER,PLACE,STATUS) VALUES (9121364,'EYC01092007',1754660,2,'8','STARTER');
INSERT INTO race_field(race_field_ID,RACE_CODE,HORSE_ID,SADDLE_CLOTH_NUMBER,PLACE,STATUS) VALUES (9122155,'EYC01092007',1643795,3,'9','STARTER');
INSERT INTO race_field(race_field_ID,RACE_CODE,HORSE_ID,SADDLE_CLOTH_NUMBER,PLACE,STATUS) VALUES (9122059,'EYC01092007',1737467,5,'4','STARTER');
INSERT INTO race_field(race_field_ID,RACE_CODE,HORSE_ID,SADDLE_CLOTH_NUMBER,PLACE,STATUS) VALUES (9119118,'EYC01092001',1695031,6,'3','STARTER');
INSERT INTO race_field(race_field_ID,RACE_CODE,HORSE_ID,SADDLE_CLOTH_NUMBER,PLACE,STATUS) VALUES (9122339,'EYC01092001',1754888,10,'7','STARTER');
INSERT INTO race_field(race_field_ID,RACE_CODE,HORSE_ID,SADDLE_CLOTH_NUMBER,PLACE,STATUS) VALUES (9122355,'EYC01092001',1710965,9,'5','STARTER');
INSERT INTO race_field(race_field_ID,RACE_CODE,HORSE_ID,SADDLE_CLOTH_NUMBER,PLACE,STATUS) VALUES (9122236,'EYC01092001',1716546,2,NULL,'SCRATCHED');
INSERT INTO race_field(race_field_ID,RACE_CODE,HORSE_ID,SADDLE_CLOTH_NUMBER,PLACE,STATUS) VALUES (9120376,'EYC01092001',1697275,1,'8','STARTER');
INSERT INTO race_field(race_field_ID,RACE_CODE,HORSE_ID,SADDLE_CLOTH_NUMBER,PLACE,STATUS) VALUES (9121772,'EYC01092001',1718133,8,'4','STARTER');
INSERT INTO race_field(race_field_ID,RACE_CODE,HORSE_ID,SADDLE_CLOTH_NUMBER,PLACE,STATUS) VALUES (9122464,'EYC01092001',1704695,4,'2','STARTER');
INSERT INTO race_field(race_field_ID,RACE_CODE,HORSE_ID,SADDLE_CLOTH_NUMBER,PLACE,STATUS) VALUES (9121348,'EYC01092001',1699106,7,'9','STARTER');
INSERT INTO race_field(race_field_ID,RACE_CODE,HORSE_ID,SADDLE_CLOTH_NUMBER,PLACE,STATUS) VALUES (9121473,'EYC01092001',1710754,5,'6','STARTER');
INSERT INTO race_field(race_field_ID,RACE_CODE,HORSE_ID,SADDLE_CLOTH_NUMBER,PLACE,STATUS) VALUES (9121796,'EYC01092001',1705024,3,'1','STARTER');
INSERT INTO race_field(race_field_ID,RACE_CODE,HORSE_ID,SADDLE_CLOTH_NUMBER,PLACE,STATUS) VALUES (9121020,'GPC01092002',1734843,1,'2','STARTER');
INSERT INTO race_field(race_field_ID,RACE_CODE,HORSE_ID,SADDLE_CLOTH_NUMBER,PLACE,STATUS) VALUES (9121263,'GPC01092002',1720469,11,'6','STARTER');
INSERT INTO race_field(race_field_ID,RACE_CODE,HORSE_ID,SADDLE_CLOTH_NUMBER,PLACE,STATUS) VALUES (9121154,'GPC01092002',1752778,NULL,NULL,'SCRATCHED');
INSERT INTO race_field(race_field_ID,RACE_CODE,HORSE_ID,SADDLE_CLOTH_NUMBER,PLACE,STATUS) VALUES (9120685,'GPC01092002',1722423,7,'1','STARTER');
INSERT INTO race_field(race_field_ID,RACE_CODE,HORSE_ID,SADDLE_CLOTH_NUMBER,PLACE,STATUS) VALUES (9121180,'GPC01092002',1722967,NULL,NULL,'SCRATCHED');
INSERT INTO race_field(race_field_ID,RACE_CODE,HORSE_ID,SADDLE_CLOTH_NUMBER,PLACE,STATUS) VALUES (9121179,'GPC01092002',1725335,NULL,NULL,'SCRATCHED');
INSERT INTO race_field(race_field_ID,RACE_CODE,HORSE_ID,SADDLE_CLOTH_NUMBER,PLACE,STATUS) VALUES (9121177,'GPC01092002',1722626,6,'8','STARTER');
INSERT INTO race_field(race_field_ID,RACE_CODE,HORSE_ID,SADDLE_CLOTH_NUMBER,PLACE,STATUS) VALUES (9121178,'GPC01092002',1720763,2,'11','STARTER');
INSERT INTO race_field(race_field_ID,RACE_CODE,HORSE_ID,SADDLE_CLOTH_NUMBER,PLACE,STATUS) VALUES (9121176,'GPC01092002',1726201,4,'9','STARTER');
INSERT INTO race_field(race_field_ID,RACE_CODE,HORSE_ID,SADDLE_CLOTH_NUMBER,PLACE,STATUS) VALUES (9120858,'GPC01092002',1718683,NULL,NULL,'SCRATCHED');
INSERT INTO race_field(race_field_ID,RACE_CODE,HORSE_ID,SADDLE_CLOTH_NUMBER,PLACE,STATUS) VALUES (9121122,'GPC01092002',1715050,3,'4','STARTER');
INSERT INTO race_field(race_field_ID,RACE_CODE,HORSE_ID,SADDLE_CLOTH_NUMBER,PLACE,STATUS) VALUES (9120364,'GPC01092002',1721418,10,'7','STARTER');
INSERT INTO race_field(race_field_ID,RACE_CODE,HORSE_ID,SADDLE_CLOTH_NUMBER,PLACE,STATUS) VALUES (9120591,'GPC01092002',1719319,9,'2','STARTER');
INSERT INTO race_field(race_field_ID,RACE_CODE,HORSE_ID,SADDLE_CLOTH_NUMBER,PLACE,STATUS) VALUES (9121148,'GPC01092002',1715308,NULL,NULL,'SCRATCHED');
INSERT INTO race_field(race_field_ID,RACE_CODE,HORSE_ID,SADDLE_CLOTH_NUMBER,PLACE,STATUS) VALUES (9121267,'GPC01092002',1720923,8,'10','STARTER');
INSERT INTO race_field(race_field_ID,RACE_CODE,HORSE_ID,SADDLE_CLOTH_NUMBER,PLACE,STATUS) VALUES (9121152,'GPC01092002',1716292,NULL,NULL,'SCRATCHED');
INSERT INTO race_field(race_field_ID,RACE_CODE,HORSE_ID,SADDLE_CLOTH_NUMBER,PLACE,STATUS) VALUES (9119951,'GPC01092002',1721122,5,'5','STARTER');
INSERT INTO race_field(race_field_ID,RACE_CODE,HORSE_ID,SADDLE_CLOTH_NUMBER,PLACE,STATUS) VALUES (9119928,'GPC01092002',1715746,NULL,NULL,'SCRATCHED');
INSERT INTO race_field(race_field_ID,RACE_CODE,HORSE_ID,SADDLE_CLOTH_NUMBER,PLACE,STATUS) VALUES (9120842,'GPC01092009',1732642,2,'9','STARTER');
INSERT INTO race_field(race_field_ID,RACE_CODE,HORSE_ID,SADDLE_CLOTH_NUMBER,PLACE,STATUS) VALUES (9121130,'GPC01092009',1708288,7,NULL,'SCRATCHED');
INSERT INTO race_field(race_field_ID,RACE_CODE,HORSE_ID,SADDLE_CLOTH_NUMBER,PLACE,STATUS) VALUES (9121265,'GPC01092009',1716637,6,'2','STARTER');
INSERT INTO race_field(race_field_ID,RACE_CODE,HORSE_ID,SADDLE_CLOTH_NUMBER,PLACE,STATUS) VALUES (9121071,'GPC01092009',1726272,4,'8','STARTER');
INSERT INTO race_field(race_field_ID,RACE_CODE,HORSE_ID,SADDLE_CLOTH_NUMBER,PLACE,STATUS) VALUES (9121602,'GPC01092009',1693188,9,'7','STARTER');
INSERT INTO race_field(race_field_ID,RACE_CODE,HORSE_ID,SADDLE_CLOTH_NUMBER,PLACE,STATUS) VALUES (9120909,'GPC01092009',1696955,10,'3','STARTER');
INSERT INTO race_field(race_field_ID,RACE_CODE,HORSE_ID,SADDLE_CLOTH_NUMBER,PLACE,STATUS) VALUES (9121295,'GPC01092009',1697721,3,'6','STARTER');
INSERT INTO race_field(race_field_ID,RACE_CODE,HORSE_ID,SADDLE_CLOTH_NUMBER,PLACE,STATUS) VALUES (9120905,'GPC01092009',1718513,5,'5','STARTER');
INSERT INTO race_field(race_field_ID,RACE_CODE,HORSE_ID,SADDLE_CLOTH_NUMBER,PLACE,STATUS) VALUES (9118165,'GPC01092009',1715046,8,'4','STARTER');
INSERT INTO race_field(race_field_ID,RACE_CODE,HORSE_ID,SADDLE_CLOTH_NUMBER,PLACE,STATUS) VALUES (9120770,'GPC01092009',1625920,1,'1','STARTER');
INSERT INTO race_field(race_field_ID,RACE_CODE,HORSE_ID,SADDLE_CLOTH_NUMBER,PLACE,STATUS) VALUES (9120892,'GPC01092004',1671957,3,'4','STARTER');
INSERT INTO race_field(race_field_ID,RACE_CODE,HORSE_ID,SADDLE_CLOTH_NUMBER,PLACE,STATUS) VALUES (9121038,'GPC01092004',1712211,4,'5','STARTER');
INSERT INTO race_field(race_field_ID,RACE_CODE,HORSE_ID,SADDLE_CLOTH_NUMBER,PLACE,STATUS) VALUES (9121520,'GPC01092004',1707494,2,'1','STARTER');
INSERT INTO race_field(race_field_ID,RACE_CODE,HORSE_ID,SADDLE_CLOTH_NUMBER,PLACE,STATUS) VALUES (9120537,'GPC01092004',1699769,1,'2','STARTER');
INSERT INTO race_field(race_field_ID,RACE_CODE,HORSE_ID,SADDLE_CLOTH_NUMBER,PLACE,STATUS) VALUES (9119876,'GPC01092004',1702060,NULL,NULL,'SCRATCHED');
INSERT INTO race_field(race_field_ID,RACE_CODE,HORSE_ID,SADDLE_CLOTH_NUMBER,PLACE,STATUS) VALUES (9120607,'GPC01092004',1628177,5,'3','STARTER');
INSERT INTO race_field(race_field_ID,RACE_CODE,HORSE_ID,SADDLE_CLOTH_NUMBER,PLACE,STATUS) VALUES (9120914,'GPC01092004',1651946,7,'7','STARTER');
INSERT INTO race_field(race_field_ID,RACE_CODE,HORSE_ID,SADDLE_CLOTH_NUMBER,PLACE,STATUS) VALUES (9120895,'GPC01092004',1709777,6,'6','STARTER');
INSERT INTO race_field(race_field_ID,RACE_CODE,HORSE_ID,SADDLE_CLOTH_NUMBER,PLACE,STATUS) VALUES (9121167,'GPC01092008',1683364,7,'8','STARTER');
INSERT INTO race_field(race_field_ID,RACE_CODE,HORSE_ID,SADDLE_CLOTH_NUMBER,PLACE,STATUS) VALUES (9121838,'GPC01092008',1637088,5,'11','STARTER');
INSERT INTO race_field(race_field_ID,RACE_CODE,HORSE_ID,SADDLE_CLOTH_NUMBER,PLACE,STATUS) VALUES (9121840,'GPC01092008',1696951,8,'9','STARTER');
INSERT INTO race_field(race_field_ID,RACE_CODE,HORSE_ID,SADDLE_CLOTH_NUMBER,PLACE,STATUS) VALUES (9121719,'GPC01092008',1699857,9,'6','STARTER');
INSERT INTO race_field(race_field_ID,RACE_CODE,HORSE_ID,SADDLE_CLOTH_NUMBER,PLACE,STATUS) VALUES (9120639,'GPC01092008',1698176,2,'7','STARTER');
INSERT INTO race_field(race_field_ID,RACE_CODE,HORSE_ID,SADDLE_CLOTH_NUMBER,PLACE,STATUS) VALUES (9119421,'GPC01092008',1634845,NULL,NULL,'SCRATCHED');
INSERT INTO race_field(race_field_ID,RACE_CODE,HORSE_ID,SADDLE_CLOTH_NUMBER,PLACE,STATUS) VALUES (9119563,'GPC01092008',1706730,1,'3','STARTER');
INSERT INTO race_field(race_field_ID,RACE_CODE,HORSE_ID,SADDLE_CLOTH_NUMBER,PLACE,STATUS) VALUES (9120269,'GPC01092008',1683253,10,'10','STARTER');
INSERT INTO race_field(race_field_ID,RACE_CODE,HORSE_ID,SADDLE_CLOTH_NUMBER,PLACE,STATUS) VALUES (9121151,'GPC01092008',1716292,NULL,NULL,'SCRATCHED');
INSERT INTO race_field(race_field_ID,RACE_CODE,HORSE_ID,SADDLE_CLOTH_NUMBER,PLACE,STATUS) VALUES (9118554,'GPC01092008',1685009,NULL,NULL,'SCRATCHED');
INSERT INTO race_field(race_field_ID,RACE_CODE,HORSE_ID,SADDLE_CLOTH_NUMBER,PLACE,STATUS) VALUES (9121599,'GPC01092008',1705614,3,'12','STARTER');
INSERT INTO race_field(race_field_ID,RACE_CODE,HORSE_ID,SADDLE_CLOTH_NUMBER,PLACE,STATUS) VALUES (9121236,'GPC01092008',1724998,12,'4','STARTER');
INSERT INTO race_field(race_field_ID,RACE_CODE,HORSE_ID,SADDLE_CLOTH_NUMBER,PLACE,STATUS) VALUES (9121134,'GPC01092008',1682137,6,'1','STARTER');
INSERT INTO race_field(race_field_ID,RACE_CODE,HORSE_ID,SADDLE_CLOTH_NUMBER,PLACE,STATUS) VALUES (9120736,'GPC01092008',1683236,4,'5','STARTER');
INSERT INTO race_field(race_field_ID,RACE_CODE,HORSE_ID,SADDLE_CLOTH_NUMBER,PLACE,STATUS) VALUES (9120890,'GPC01092008',1725098,11,'2','STARTER');
INSERT INTO race_field(race_field_ID,RACE_CODE,HORSE_ID,SADDLE_CLOTH_NUMBER,PLACE,STATUS) VALUES (9120857,'GPC01092008',1715744,NULL,NULL,'SCRATCHED');
INSERT INTO race_field(race_field_ID,RACE_CODE,HORSE_ID,SADDLE_CLOTH_NUMBER,PLACE,STATUS) VALUES (9120087,'GPC01092008',1658643,NULL,NULL,'SCRATCHED');
INSERT INTO race_field(race_field_ID,RACE_CODE,HORSE_ID,SADDLE_CLOTH_NUMBER,PLACE,STATUS) VALUES (9120887,'GPC01092007',1700930,6,'9','STARTER');
INSERT INTO race_field(race_field_ID,RACE_CODE,HORSE_ID,SADDLE_CLOTH_NUMBER,PLACE,STATUS) VALUES (9120908,'GPC01092007',1706084,2,'2','STARTER');
INSERT INTO race_field(race_field_ID,RACE_CODE,HORSE_ID,SADDLE_CLOTH_NUMBER,PLACE,STATUS) VALUES (9121145,'GPC01092007',1712360,4,'5','STARTER');
INSERT INTO race_field(race_field_ID,RACE_CODE,HORSE_ID,SADDLE_CLOTH_NUMBER,PLACE,STATUS) VALUES (9120893,'GPC01092007',1671957,NULL,NULL,'SCRATCHED');
INSERT INTO race_field(race_field_ID,RACE_CODE,HORSE_ID,SADDLE_CLOTH_NUMBER,PLACE,STATUS) VALUES (9121243,'GPC01092007',1668825,1,'4','STARTER');
INSERT INTO race_field(race_field_ID,RACE_CODE,HORSE_ID,SADDLE_CLOTH_NUMBER,PLACE,STATUS) VALUES (9119872,'GPC01092007',1702060,NULL,NULL,'SCRATCHED');
INSERT INTO race_field(race_field_ID,RACE_CODE,HORSE_ID,SADDLE_CLOTH_NUMBER,PLACE,STATUS) VALUES (9121316,'GPC01092007',1707878,8,'3','STARTER');
INSERT INTO race_field(race_field_ID,RACE_CODE,HORSE_ID,SADDLE_CLOTH_NUMBER,PLACE,STATUS) VALUES (9121262,'GPC01092007',1656605,3,'1','STARTER');
INSERT INTO race_field(race_field_ID,RACE_CODE,HORSE_ID,SADDLE_CLOTH_NUMBER,PLACE,STATUS) VALUES (9120894,'GPC01092007',1709777,NULL,NULL,'SCRATCHED');
INSERT INTO race_field(race_field_ID,RACE_CODE,HORSE_ID,SADDLE_CLOTH_NUMBER,PLACE,STATUS) VALUES (9121123,'GPC01092007',1706775,10,'7','STARTER');
INSERT INTO race_field(race_field_ID,RACE_CODE,HORSE_ID,SADDLE_CLOTH_NUMBER,PLACE,STATUS) VALUES (9121174,'GPC01092007',1681292,7,'6','STARTER');
INSERT INTO race_field(race_field_ID,RACE_CODE,HORSE_ID,SADDLE_CLOTH_NUMBER,PLACE,STATUS) VALUES (9121169,'GPC01092007',1495419,5,'8','STARTER');
INSERT INTO race_field(race_field_ID,RACE_CODE,HORSE_ID,SADDLE_CLOTH_NUMBER,PLACE,STATUS) VALUES (9121079,'GPC01092007',1696983,9,'10','STARTER');
INSERT INTO race_field(race_field_ID,RACE_CODE,HORSE_ID,SADDLE_CLOTH_NUMBER,PLACE,STATUS) VALUES (9120088,'GPC01092007',1658643,NULL,NULL,'SCRATCHED');
INSERT INTO race_field(race_field_ID,RACE_CODE,HORSE_ID,SADDLE_CLOTH_NUMBER,PLACE,STATUS) VALUES (9121757,'GPC01092003',1714961,1,NULL,'SCRATCHED');
INSERT INTO race_field(race_field_ID,RACE_CODE,HORSE_ID,SADDLE_CLOTH_NUMBER,PLACE,STATUS) VALUES (9121515,'GPC01092003',1696322,6,'6','STARTER');
INSERT INTO race_field(race_field_ID,RACE_CODE,HORSE_ID,SADDLE_CLOTH_NUMBER,PLACE,STATUS) VALUES (9120803,'GPC01092003',1719114,2,'1','STARTER');
INSERT INTO race_field(race_field_ID,RACE_CODE,HORSE_ID,SADDLE_CLOTH_NUMBER,PLACE,STATUS) VALUES (9121015,'GPC01092003',1694101,3,'3','STARTER');
INSERT INTO race_field(race_field_ID,RACE_CODE,HORSE_ID,SADDLE_CLOTH_NUMBER,PLACE,STATUS) VALUES (9121334,'GPC01092003',1683236,NULL,NULL,'SCRATCHED');
INSERT INTO race_field(race_field_ID,RACE_CODE,HORSE_ID,SADDLE_CLOTH_NUMBER,PLACE,STATUS) VALUES (9121343,'GPC01092003',1684076,7,'4','STARTER');
INSERT INTO race_field(race_field_ID,RACE_CODE,HORSE_ID,SADDLE_CLOTH_NUMBER,PLACE,STATUS) VALUES (9118050,'GPC01092003',1751965,8,'7','STARTER');
INSERT INTO race_field(race_field_ID,RACE_CODE,HORSE_ID,SADDLE_CLOTH_NUMBER,PLACE,STATUS) VALUES (9121836,'GPC01092003',1702766,5,'5','STARTER');
INSERT INTO race_field(race_field_ID,RACE_CODE,HORSE_ID,SADDLE_CLOTH_NUMBER,PLACE,STATUS) VALUES (9121182,'GPC01092003',1725335,4,'2','STARTER');
INSERT INTO race_field(race_field_ID,RACE_CODE,HORSE_ID,SADDLE_CLOTH_NUMBER,PLACE,STATUS) VALUES (9121129,'GPC01092006',1708349,5,'6','STARTER');
INSERT INTO race_field(race_field_ID,RACE_CODE,HORSE_ID,SADDLE_CLOTH_NUMBER,PLACE,STATUS) VALUES (9121128,'GPC01092006',1709286,3,'5','STARTER');
INSERT INTO race_field(race_field_ID,RACE_CODE,HORSE_ID,SADDLE_CLOTH_NUMBER,PLACE,STATUS) VALUES (9120772,'GPC01092006',1656908,4,'7','STARTER');
INSERT INTO race_field(race_field_ID,RACE_CODE,HORSE_ID,SADDLE_CLOTH_NUMBER,PLACE,STATUS) VALUES (9119422,'GPC01092006',1634845,NULL,NULL,'SCRATCHED');
INSERT INTO race_field(race_field_ID,RACE_CODE,HORSE_ID,SADDLE_CLOTH_NUMBER,PLACE,STATUS) VALUES (9120856,'GPC01092006',1715744,NULL,NULL,'SCRATCHED');
INSERT INTO race_field(race_field_ID,RACE_CODE,HORSE_ID,SADDLE_CLOTH_NUMBER,PLACE,STATUS) VALUES (9121597,'GPC01092006',1718060,6,'3','STARTER');
INSERT INTO race_field(race_field_ID,RACE_CODE,HORSE_ID,SADDLE_CLOTH_NUMBER,PLACE,STATUS) VALUES (9121149,'GPC01092006',1715308,NULL,NULL,'SCRATCHED');
INSERT INTO race_field(race_field_ID,RACE_CODE,HORSE_ID,SADDLE_CLOTH_NUMBER,PLACE,STATUS) VALUES (9121141,'GPC01092006',1707618,2,'2','STARTER');
INSERT INTO race_field(race_field_ID,RACE_CODE,HORSE_ID,SADDLE_CLOTH_NUMBER,PLACE,STATUS) VALUES (9121186,'GPC01092006',1722967,7,'4','STARTER');
INSERT INTO race_field(race_field_ID,RACE_CODE,HORSE_ID,SADDLE_CLOTH_NUMBER,PLACE,STATUS) VALUES (9120598,'GPC01092006',1693207,1,'1','STARTER');
INSERT INTO race_field(race_field_ID,RACE_CODE,HORSE_ID,SADDLE_CLOTH_NUMBER,PLACE,STATUS) VALUES (9121107,'PCC01092008',1698485,3,'9','STARTER');
INSERT INTO race_field(race_field_ID,RACE_CODE,HORSE_ID,SADDLE_CLOTH_NUMBER,PLACE,STATUS) VALUES (9121450,'PCC01092008',1723170,2,'3','STARTER');
INSERT INTO race_field(race_field_ID,RACE_CODE,HORSE_ID,SADDLE_CLOTH_NUMBER,PLACE,STATUS) VALUES (9121449,'PCC01092008',1627616,6,'1','STARTER');
INSERT INTO race_field(race_field_ID,RACE_CODE,HORSE_ID,SADDLE_CLOTH_NUMBER,PLACE,STATUS) VALUES (9121696,'PCC01092008',1711645,8,'7','STARTER');
INSERT INTO race_field(race_field_ID,RACE_CODE,HORSE_ID,SADDLE_CLOTH_NUMBER,PLACE,STATUS) VALUES (9121653,'PCC01092008',1622357,NULL,NULL,'SCRATCHED');
INSERT INTO race_field(race_field_ID,RACE_CODE,HORSE_ID,SADDLE_CLOTH_NUMBER,PLACE,STATUS) VALUES (9121275,'PCC01092008',1680627,5,'2','STARTER');
INSERT INTO race_field(race_field_ID,RACE_CODE,HORSE_ID,SADDLE_CLOTH_NUMBER,PLACE,STATUS) VALUES (9121239,'PCC01092008',1722028,7,'8','STARTER');
INSERT INTO race_field(race_field_ID,RACE_CODE,HORSE_ID,SADDLE_CLOTH_NUMBER,PLACE,STATUS) VALUES (9121237,'PCC01092008',1652810,9,'4','STARTER');
INSERT INTO race_field(race_field_ID,RACE_CODE,HORSE_ID,SADDLE_CLOTH_NUMBER,PLACE,STATUS) VALUES (9121108,'PCC01092008',1652706,1,'6','STARTER');
INSERT INTO race_field(race_field_ID,RACE_CODE,HORSE_ID,SADDLE_CLOTH_NUMBER,PLACE,STATUS) VALUES (9121000,'PCC01092008',1703180,4,'5','STARTER');
INSERT INTO race_field(race_field_ID,RACE_CODE,HORSE_ID,SADDLE_CLOTH_NUMBER,PLACE,STATUS) VALUES (9121610,'PCC01092007',1721917,8,'9','STARTER');
INSERT INTO race_field(race_field_ID,RACE_CODE,HORSE_ID,SADDLE_CLOTH_NUMBER,PLACE,STATUS) VALUES (9121744,'PCC01092007',1652704,9,'7','STARTER');
INSERT INTO race_field(race_field_ID,RACE_CODE,HORSE_ID,SADDLE_CLOTH_NUMBER,PLACE,STATUS) VALUES (9121469,'PCC01092007',1754796,2,'1','STARTER');
INSERT INTO race_field(race_field_ID,RACE_CODE,HORSE_ID,SADDLE_CLOTH_NUMBER,PLACE,STATUS) VALUES (9121467,'PCC01092007',1755054,3,'3','STARTER');
INSERT INTO race_field(race_field_ID,RACE_CODE,HORSE_ID,SADDLE_CLOTH_NUMBER,PLACE,STATUS) VALUES (9120589,'PCC01092007',1689787,4,'8','STARTER');
INSERT INTO race_field(race_field_ID,RACE_CODE,HORSE_ID,SADDLE_CLOTH_NUMBER,PLACE,STATUS) VALUES (9121717,'PCC01092007',1661582,6,'5','STARTER');
INSERT INTO race_field(race_field_ID,RACE_CODE,HORSE_ID,SADDLE_CLOTH_NUMBER,PLACE,STATUS) VALUES (9120629,'PCC01092007',1692339,7,'6','STARTER');
INSERT INTO race_field(race_field_ID,RACE_CODE,HORSE_ID,SADDLE_CLOTH_NUMBER,PLACE,STATUS) VALUES (9121747,'PCC01092007',1745395,5,'4','STARTER');
INSERT INTO race_field(race_field_ID,RACE_CODE,HORSE_ID,SADDLE_CLOTH_NUMBER,PLACE,STATUS) VALUES (9121486,'PCC01092007',1658681,1,'2','STARTER');
INSERT INTO race_field(race_field_ID,RACE_CODE,HORSE_ID,SADDLE_CLOTH_NUMBER,PLACE,STATUS) VALUES (9121551,'PCC01092009',1704064,7,'6','STARTER');
INSERT INTO race_field(race_field_ID,RACE_CODE,HORSE_ID,SADDLE_CLOTH_NUMBER,PLACE,STATUS) VALUES (9121353,'PCC01092009',1708539,4,'4','STARTER');
INSERT INTO race_field(race_field_ID,RACE_CODE,HORSE_ID,SADDLE_CLOTH_NUMBER,PLACE,STATUS) VALUES (9121352,'PCC01092009',1684541,1,'2','STARTER');
INSERT INTO race_field(race_field_ID,RACE_CODE,HORSE_ID,SADDLE_CLOTH_NUMBER,PLACE,STATUS) VALUES (9121918,'PCC01092009',1716544,2,NULL,'SCRATCHED');
INSERT INTO race_field(race_field_ID,RACE_CODE,HORSE_ID,SADDLE_CLOTH_NUMBER,PLACE,STATUS) VALUES (9121553,'PCC01092009',1716708,8,'3','STARTER');
INSERT INTO race_field(race_field_ID,RACE_CODE,HORSE_ID,SADDLE_CLOTH_NUMBER,PLACE,STATUS) VALUES (9121561,'PCC01092009',1710805,3,'1','STARTER');
INSERT INTO race_field(race_field_ID,RACE_CODE,HORSE_ID,SADDLE_CLOTH_NUMBER,PLACE,STATUS) VALUES (9121732,'PCC01092009',1745262,6,'5','STARTER');
INSERT INTO race_field(race_field_ID,RACE_CODE,HORSE_ID,SADDLE_CLOTH_NUMBER,PLACE,STATUS) VALUES (9120168,'PCC01092009',1720405,5,NULL,'SCRATCHED');
INSERT INTO race_field(race_field_ID,RACE_CODE,HORSE_ID,SADDLE_CLOTH_NUMBER,PLACE,STATUS) VALUES (9121456,'PCC01092009',1696913,9,'7','STARTER');
INSERT INTO race_field(race_field_ID,RACE_CODE,HORSE_ID,SADDLE_CLOTH_NUMBER,PLACE,STATUS) VALUES (9121585,'PCC01092004',1707364,5,'1','STARTER');
INSERT INTO race_field(race_field_ID,RACE_CODE,HORSE_ID,SADDLE_CLOTH_NUMBER,PLACE,STATUS) VALUES (9121356,'PCC01092004',1725427,8,'8','STARTER');
INSERT INTO race_field(race_field_ID,RACE_CODE,HORSE_ID,SADDLE_CLOTH_NUMBER,PLACE,STATUS) VALUES (9121357,'PCC01092004',1701747,1,'4','STARTER');
INSERT INTO race_field(race_field_ID,RACE_CODE,HORSE_ID,SADDLE_CLOTH_NUMBER,PLACE,STATUS) VALUES (9121379,'PCC01092004',1744322,7,'3','STARTER');
INSERT INTO race_field(race_field_ID,RACE_CODE,HORSE_ID,SADDLE_CLOTH_NUMBER,PLACE,STATUS) VALUES (9121586,'PCC01092004',1696192,2,'6','STARTER');
INSERT INTO race_field(race_field_ID,RACE_CODE,HORSE_ID,SADDLE_CLOTH_NUMBER,PLACE,STATUS) VALUES (9121438,'PCC01092004',1714318,6,'2','STARTER');
INSERT INTO race_field(race_field_ID,RACE_CODE,HORSE_ID,SADDLE_CLOTH_NUMBER,PLACE,STATUS) VALUES (9121643,'PCC01092004',1679925,4,'7','STARTER');
INSERT INTO race_field(race_field_ID,RACE_CODE,HORSE_ID,SADDLE_CLOTH_NUMBER,PLACE,STATUS) VALUES (9121425,'PCC01092004',1725196,3,'5','STARTER');
INSERT INTO race_field(race_field_ID,RACE_CODE,HORSE_ID,SADDLE_CLOTH_NUMBER,PLACE,STATUS) VALUES (9121535,'PCC01092002',1735822,8,'1','STARTER');
INSERT INTO race_field(race_field_ID,RACE_CODE,HORSE_ID,SADDLE_CLOTH_NUMBER,PLACE,STATUS) VALUES (9121370,'PCC01092002',1754118,4,'5','STARTER');
INSERT INTO race_field(race_field_ID,RACE_CODE,HORSE_ID,SADDLE_CLOTH_NUMBER,PLACE,STATUS) VALUES (9121414,'PCC01092002',1754630,9,'2','STARTER');
INSERT INTO race_field(race_field_ID,RACE_CODE,HORSE_ID,SADDLE_CLOTH_NUMBER,PLACE,STATUS) VALUES (9121531,'PCC01092002',1690568,NULL,NULL,'SCRATCHED');
INSERT INTO race_field(race_field_ID,RACE_CODE,HORSE_ID,SADDLE_CLOTH_NUMBER,PLACE,STATUS) VALUES (9121895,'PCC01092002',1716341,6,'4','STARTER');
INSERT INTO race_field(race_field_ID,RACE_CODE,HORSE_ID,SADDLE_CLOTH_NUMBER,PLACE,STATUS) VALUES (9121652,'PCC01092002',1703255,7,'3','STARTER');
INSERT INTO race_field(race_field_ID,RACE_CODE,HORSE_ID,SADDLE_CLOTH_NUMBER,PLACE,STATUS) VALUES (9121596,'PCC01092002',1709139,1,'9','STARTER');
INSERT INTO race_field(race_field_ID,RACE_CODE,HORSE_ID,SADDLE_CLOTH_NUMBER,PLACE,STATUS) VALUES (9121548,'PCC01092002',1735733,2,'8','STARTER');
INSERT INTO race_field(race_field_ID,RACE_CODE,HORSE_ID,SADDLE_CLOTH_NUMBER,PLACE,STATUS) VALUES (9121556,'PCC01092002',1691735,3,'7','STARTER');
INSERT INTO race_field(race_field_ID,RACE_CODE,HORSE_ID,SADDLE_CLOTH_NUMBER,PLACE,STATUS) VALUES (9121360,'PCC01092002',1703509,5,'6','STARTER');
INSERT INTO race_field(race_field_ID,RACE_CODE,HORSE_ID,SADDLE_CLOTH_NUMBER,PLACE,STATUS) VALUES (9121549,'PCC01092003',1699490,5,'1','STARTER');
INSERT INTO race_field(race_field_ID,RACE_CODE,HORSE_ID,SADDLE_CLOTH_NUMBER,PLACE,STATUS) VALUES (9121751,'PCC01092003',1735118,6,'2','STARTER');
INSERT INTO race_field(race_field_ID,RACE_CODE,HORSE_ID,SADDLE_CLOTH_NUMBER,PLACE,STATUS) VALUES (9121480,'PCC01092003',1735822,NULL,NULL,'SCRATCHED');
INSERT INTO race_field(race_field_ID,RACE_CODE,HORSE_ID,SADDLE_CLOTH_NUMBER,PLACE,STATUS) VALUES (9121584,'PCC01092003',1707569,4,'4','STARTER');
INSERT INTO race_field(race_field_ID,RACE_CODE,HORSE_ID,SADDLE_CLOTH_NUMBER,PLACE,STATUS) VALUES (9121426,'PCC01092003',1693625,8,'9','STARTER');
INSERT INTO race_field(race_field_ID,RACE_CODE,HORSE_ID,SADDLE_CLOTH_NUMBER,PLACE,STATUS) VALUES (9121891,'PCC01092003',1709866,9,'7','STARTER');
INSERT INTO race_field(race_field_ID,RACE_CODE,HORSE_ID,SADDLE_CLOTH_NUMBER,PLACE,STATUS) VALUES (9121349,'PCC01092003',1712840,2,'8','STARTER');
INSERT INTO race_field(race_field_ID,RACE_CODE,HORSE_ID,SADDLE_CLOTH_NUMBER,PLACE,STATUS) VALUES (9121309,'PCC01092003',1723037,1,'5','STARTER');
INSERT INTO race_field(race_field_ID,RACE_CODE,HORSE_ID,SADDLE_CLOTH_NUMBER,PLACE,STATUS) VALUES (9121294,'PCC01092003',1725021,3,'3','STARTER');
INSERT INTO race_field(race_field_ID,RACE_CODE,HORSE_ID,SADDLE_CLOTH_NUMBER,PLACE,STATUS) VALUES (9121374,'PCC01092003',1670276,7,'6','STARTER');
INSERT INTO race_field(race_field_ID,RACE_CODE,HORSE_ID,SADDLE_CLOTH_NUMBER,PLACE,STATUS) VALUES (9121472,'PCC01092005',1713785,9,'2','STARTER');
INSERT INTO race_field(race_field_ID,RACE_CODE,HORSE_ID,SADDLE_CLOTH_NUMBER,PLACE,STATUS) VALUES (9121471,'PCC01092005',1714254,7,'1','STARTER');
INSERT INTO race_field(race_field_ID,RACE_CODE,HORSE_ID,SADDLE_CLOTH_NUMBER,PLACE,STATUS) VALUES (9121350,'PCC01092005',1686197,8,'9','STARTER');
INSERT INTO race_field(race_field_ID,RACE_CODE,HORSE_ID,SADDLE_CLOTH_NUMBER,PLACE,STATUS) VALUES (9121644,'PCC01092005',1655729,2,'8','STARTER');
INSERT INTO race_field(race_field_ID,RACE_CODE,HORSE_ID,SADDLE_CLOTH_NUMBER,PLACE,STATUS) VALUES (9121731,'PCC01092005',1675227,6,'7','STARTER');
INSERT INTO race_field(race_field_ID,RACE_CODE,HORSE_ID,SADDLE_CLOTH_NUMBER,PLACE,STATUS) VALUES (9121662,'PCC01092005',1704962,3,'4','STARTER');
INSERT INTO race_field(race_field_ID,RACE_CODE,HORSE_ID,SADDLE_CLOTH_NUMBER,PLACE,STATUS) VALUES (9121557,'PCC01092005',1680945,5,'3','STARTER');
INSERT INTO race_field(race_field_ID,RACE_CODE,HORSE_ID,SADDLE_CLOTH_NUMBER,PLACE,STATUS) VALUES (9121582,'PCC01092005',1695803,4,'6','STARTER');
INSERT INTO race_field(race_field_ID,RACE_CODE,HORSE_ID,SADDLE_CLOTH_NUMBER,PLACE,STATUS) VALUES (9121233,'PCC01092005',1690837,1,'5','STARTER');
INSERT INTO race_field(race_field_ID,RACE_CODE,HORSE_ID,SADDLE_CLOTH_NUMBER,PLACE,STATUS) VALUES (9121562,'PCC01092006',1697595,1,'2','STARTER');
INSERT INTO race_field(race_field_ID,RACE_CODE,HORSE_ID,SADDLE_CLOTH_NUMBER,PLACE,STATUS) VALUES (9121507,'PCC01092006',1670594,4,'7','STARTER');
INSERT INTO race_field(race_field_ID,RACE_CODE,HORSE_ID,SADDLE_CLOTH_NUMBER,PLACE,STATUS) VALUES (9120529,'PCC01092006',1643694,2,NULL,'SCRATCHED');
INSERT INTO race_field(race_field_ID,RACE_CODE,HORSE_ID,SADDLE_CLOTH_NUMBER,PLACE,STATUS) VALUES (9121646,'PCC01092006',1677006,3,'6','STARTER');
INSERT INTO race_field(race_field_ID,RACE_CODE,HORSE_ID,SADDLE_CLOTH_NUMBER,PLACE,STATUS) VALUES (9120572,'PCC01092006',1647411,6,'1','STARTER');
INSERT INTO race_field(race_field_ID,RACE_CODE,HORSE_ID,SADDLE_CLOTH_NUMBER,PLACE,STATUS) VALUES (9121682,'PCC01092006',1656130,5,'5','STARTER');
INSERT INTO race_field(race_field_ID,RACE_CODE,HORSE_ID,SADDLE_CLOTH_NUMBER,PLACE,STATUS) VALUES (9121281,'PCC01092006',1688872,7,'4','STARTER');
INSERT INTO race_field(race_field_ID,RACE_CODE,HORSE_ID,SADDLE_CLOTH_NUMBER,PLACE,STATUS) VALUES (9120930,'PCC01092006',1677282,8,'3','STARTER');
INSERT INTO race_field(race_field_ID,RACE_CODE,HORSE_ID,SADDLE_CLOTH_NUMBER,PLACE,STATUS) VALUES (9120904,'SPC01092003',1714824,10,'8','STARTER');
INSERT INTO race_field(race_field_ID,RACE_CODE,HORSE_ID,SADDLE_CLOTH_NUMBER,PLACE,STATUS) VALUES (9120902,'SPC01092003',1656742,5,'2','STARTER');
INSERT INTO race_field(race_field_ID,RACE_CODE,HORSE_ID,SADDLE_CLOTH_NUMBER,PLACE,STATUS) VALUES (9121125,'SPC01092003',1705800,11,'1','STARTER');
INSERT INTO race_field(race_field_ID,RACE_CODE,HORSE_ID,SADDLE_CLOTH_NUMBER,PLACE,STATUS) VALUES (9121654,'SPC01092003',1695701,4,'10','STARTER');
INSERT INTO race_field(race_field_ID,RACE_CODE,HORSE_ID,SADDLE_CLOTH_NUMBER,PLACE,STATUS) VALUES (9121172,'SPC01092003',1752987,NULL,NULL,'SCRATCHED');
INSERT INTO race_field(race_field_ID,RACE_CODE,HORSE_ID,SADDLE_CLOTH_NUMBER,PLACE,STATUS) VALUES (9121118,'SPC01092003',1684038,6,'4','STARTER');
INSERT INTO race_field(race_field_ID,RACE_CODE,HORSE_ID,SADDLE_CLOTH_NUMBER,PLACE,STATUS) VALUES (9120763,'SPC01092003',1706596,12,NULL,'SCRATCHED');
INSERT INTO race_field(race_field_ID,RACE_CODE,HORSE_ID,SADDLE_CLOTH_NUMBER,PLACE,STATUS) VALUES (9121135,'SPC01092003',1708910,2,'11','STARTER');
INSERT INTO race_field(race_field_ID,RACE_CODE,HORSE_ID,SADDLE_CLOTH_NUMBER,PLACE,STATUS) VALUES (9121454,'SPC01092003',1706581,9,'6','STARTER');
INSERT INTO race_field(race_field_ID,RACE_CODE,HORSE_ID,SADDLE_CLOTH_NUMBER,PLACE,STATUS) VALUES (9121209,'SPC01092003',1704315,8,'5','STARTER');
INSERT INTO race_field(race_field_ID,RACE_CODE,HORSE_ID,SADDLE_CLOTH_NUMBER,PLACE,STATUS) VALUES (9121187,'SPC01092003',1697725,1,'3','STARTER');
INSERT INTO race_field(race_field_ID,RACE_CODE,HORSE_ID,SADDLE_CLOTH_NUMBER,PLACE,STATUS) VALUES (9121175,'SPC01092003',1710122,NULL,NULL,'SCRATCHED');
INSERT INTO race_field(race_field_ID,RACE_CODE,HORSE_ID,SADDLE_CLOTH_NUMBER,PLACE,STATUS) VALUES (9121192,'SPC01092003',1705531,3,'9','STARTER');
INSERT INTO race_field(race_field_ID,RACE_CODE,HORSE_ID,SADDLE_CLOTH_NUMBER,PLACE,STATUS) VALUES (9120647,'SPC01092003',1698807,7,'7','STARTER');
INSERT INTO race_field(race_field_ID,RACE_CODE,HORSE_ID,SADDLE_CLOTH_NUMBER,PLACE,STATUS) VALUES (9120430,'SPC01092006',1726589,3,'4','STARTER');
INSERT INTO race_field(race_field_ID,RACE_CODE,HORSE_ID,SADDLE_CLOTH_NUMBER,PLACE,STATUS) VALUES (9120551,'SPC01092006',1728149,11,'5','STARTER');
INSERT INTO race_field(race_field_ID,RACE_CODE,HORSE_ID,SADDLE_CLOTH_NUMBER,PLACE,STATUS) VALUES (9118410,'SPC01092006',1732910,1,'7','STARTER');
INSERT INTO race_field(race_field_ID,RACE_CODE,HORSE_ID,SADDLE_CLOTH_NUMBER,PLACE,STATUS) VALUES (9121159,'SPC01092006',1732384,10,'10','STARTER');
INSERT INTO race_field(race_field_ID,RACE_CODE,HORSE_ID,SADDLE_CLOTH_NUMBER,PLACE,STATUS) VALUES (9120988,'SPC01092006',1729830,5,'2','STARTER');
INSERT INTO race_field(race_field_ID,RACE_CODE,HORSE_ID,SADDLE_CLOTH_NUMBER,PLACE,STATUS) VALUES (9121674,'SPC01092006',1727368,4,NULL,'SCRATCHED');
INSERT INTO race_field(race_field_ID,RACE_CODE,HORSE_ID,SADDLE_CLOTH_NUMBER,PLACE,STATUS) VALUES (9120611,'SPC01092006',1728296,9,'3','STARTER');
INSERT INTO race_field(race_field_ID,RACE_CODE,HORSE_ID,SADDLE_CLOTH_NUMBER,PLACE,STATUS) VALUES (9120445,'SPC01092006',1727400,6,'6','STARTER');
INSERT INTO race_field(race_field_ID,RACE_CODE,HORSE_ID,SADDLE_CLOTH_NUMBER,PLACE,STATUS) VALUES (9120846,'SPC01092006',1726858,8,'9','STARTER');
INSERT INTO race_field(race_field_ID,RACE_CODE,HORSE_ID,SADDLE_CLOTH_NUMBER,PLACE,STATUS) VALUES (9118303,'SPC01092006',1729273,2,'8','STARTER');
INSERT INTO race_field(race_field_ID,RACE_CODE,HORSE_ID,SADDLE_CLOTH_NUMBER,PLACE,STATUS) VALUES (9121165,'SPC01092006',1727411,7,'1','STARTER');
INSERT INTO race_field(race_field_ID,RACE_CODE,HORSE_ID,SADDLE_CLOTH_NUMBER,PLACE,STATUS) VALUES (9121068,'SPC01092004',1713000,3,'1','STARTER');
INSERT INTO race_field(race_field_ID,RACE_CODE,HORSE_ID,SADDLE_CLOTH_NUMBER,PLACE,STATUS) VALUES (9121222,'SPC01092004',1707332,5,'4','STARTER');
INSERT INTO race_field(race_field_ID,RACE_CODE,HORSE_ID,SADDLE_CLOTH_NUMBER,PLACE,STATUS) VALUES (9119763,'SPC01092004',1694993,4,'5','STARTER');
INSERT INTO race_field(race_field_ID,RACE_CODE,HORSE_ID,SADDLE_CLOTH_NUMBER,PLACE,STATUS) VALUES (9119879,'SPC01092004',1708273,10,'2','STARTER');
INSERT INTO race_field(race_field_ID,RACE_CODE,HORSE_ID,SADDLE_CLOTH_NUMBER,PLACE,STATUS) VALUES (9120879,'SPC01092004',1742950,6,'7','STARTER');
INSERT INTO race_field(race_field_ID,RACE_CODE,HORSE_ID,SADDLE_CLOTH_NUMBER,PLACE,STATUS) VALUES (9119901,'SPC01092004',1708401,NULL,NULL,'SCRATCHED');
INSERT INTO race_field(race_field_ID,RACE_CODE,HORSE_ID,SADDLE_CLOTH_NUMBER,PLACE,STATUS) VALUES (9121573,'SPC01092004',1707178,7,'6','STARTER');
INSERT INTO race_field(race_field_ID,RACE_CODE,HORSE_ID,SADDLE_CLOTH_NUMBER,PLACE,STATUS) VALUES (9121225,'SPC01092004',1684128,2,'8','STARTER');
INSERT INTO race_field(race_field_ID,RACE_CODE,HORSE_ID,SADDLE_CLOTH_NUMBER,PLACE,STATUS) VALUES (9120863,'SPC01092004',1712800,1,NULL,'SCRATCHED');
INSERT INTO race_field(race_field_ID,RACE_CODE,HORSE_ID,SADDLE_CLOTH_NUMBER,PLACE,STATUS) VALUES (9120746,'SPC01092004',1709186,NULL,NULL,'SCRATCHED');
INSERT INTO race_field(race_field_ID,RACE_CODE,HORSE_ID,SADDLE_CLOTH_NUMBER,PLACE,STATUS) VALUES (9120848,'SPC01092004',1694990,8,NULL,'SCRATCHED');
INSERT INTO race_field(race_field_ID,RACE_CODE,HORSE_ID,SADDLE_CLOTH_NUMBER,PLACE,STATUS) VALUES (9121065,'SPC01092004',1708081,9,'3','STARTER');
INSERT INTO race_field(race_field_ID,RACE_CODE,HORSE_ID,SADDLE_CLOTH_NUMBER,PLACE,STATUS) VALUES (9121185,'SPC01092004',1671035,NULL,NULL,'SCRATCHED');
INSERT INTO race_field(race_field_ID,RACE_CODE,HORSE_ID,SADDLE_CLOTH_NUMBER,PLACE,STATUS) VALUES (9119718,'SPC01092005',1723658,5,'9','STARTER');
INSERT INTO race_field(race_field_ID,RACE_CODE,HORSE_ID,SADDLE_CLOTH_NUMBER,PLACE,STATUS) VALUES (9120843,'SPC01092005',1723479,3,'2','STARTER');
INSERT INTO race_field(race_field_ID,RACE_CODE,HORSE_ID,SADDLE_CLOTH_NUMBER,PLACE,STATUS) VALUES (9121437,'SPC01092005',1718585,NULL,NULL,'SCRATCHED');
INSERT INTO race_field(race_field_ID,RACE_CODE,HORSE_ID,SADDLE_CLOTH_NUMBER,PLACE,STATUS) VALUES (9120756,'SPC01092005',1735283,4,'1','STARTER');
INSERT INTO race_field(race_field_ID,RACE_CODE,HORSE_ID,SADDLE_CLOTH_NUMBER,PLACE,STATUS) VALUES (9120849,'SPC01092005',1724437,NULL,NULL,'SCRATCHED');
INSERT INTO race_field(race_field_ID,RACE_CODE,HORSE_ID,SADDLE_CLOTH_NUMBER,PLACE,STATUS) VALUES (9121101,'SPC01092005',1716454,2,'8','STARTER');
INSERT INTO race_field(race_field_ID,RACE_CODE,HORSE_ID,SADDLE_CLOTH_NUMBER,PLACE,STATUS) VALUES (9121455,'SPC01092005',1718875,11,NULL,'SCRATCHED');
INSERT INTO race_field(race_field_ID,RACE_CODE,HORSE_ID,SADDLE_CLOTH_NUMBER,PLACE,STATUS) VALUES (9121131,'SPC01092005',1720168,9,'4','STARTER');
INSERT INTO race_field(race_field_ID,RACE_CODE,HORSE_ID,SADDLE_CLOTH_NUMBER,PLACE,STATUS) VALUES (9120446,'SPC01092005',1720718,6,'6','STARTER');
INSERT INTO race_field(race_field_ID,RACE_CODE,HORSE_ID,SADDLE_CLOTH_NUMBER,PLACE,STATUS) VALUES (9120875,'SPC01092005',1723648,8,'7','STARTER');
INSERT INTO race_field(race_field_ID,RACE_CODE,HORSE_ID,SADDLE_CLOTH_NUMBER,PLACE,STATUS) VALUES (9120866,'SPC01092005',1720042,10,'5','STARTER');
INSERT INTO race_field(race_field_ID,RACE_CODE,HORSE_ID,SADDLE_CLOTH_NUMBER,PLACE,STATUS) VALUES (9121221,'SPC01092005',1725162,7,NULL,'SCRATCHED');
INSERT INTO race_field(race_field_ID,RACE_CODE,HORSE_ID,SADDLE_CLOTH_NUMBER,PLACE,STATUS) VALUES (9120883,'SPC01092005',1723040,1,'3','STARTER');
INSERT INTO race_field(race_field_ID,RACE_CODE,HORSE_ID,SADDLE_CLOTH_NUMBER,PLACE,STATUS) VALUES (9120730,'SPC01092002',1710116,3,'9','STARTER');
INSERT INTO race_field(race_field_ID,RACE_CODE,HORSE_ID,SADDLE_CLOTH_NUMBER,PLACE,STATUS) VALUES (9121201,'SPC01092002',1680697,2,'8','STARTER');
INSERT INTO race_field(race_field_ID,RACE_CODE,HORSE_ID,SADDLE_CLOTH_NUMBER,PLACE,STATUS) VALUES (9118409,'SPC01092002',1708196,9,'3','STARTER');
INSERT INTO race_field(race_field_ID,RACE_CODE,HORSE_ID,SADDLE_CLOTH_NUMBER,PLACE,STATUS) VALUES (9121224,'SPC01092002',1669698,6,'7','STARTER');
INSERT INTO race_field(race_field_ID,RACE_CODE,HORSE_ID,SADDLE_CLOTH_NUMBER,PLACE,STATUS) VALUES (9121164,'SPC01092002',1724012,10,'1','STARTER');
INSERT INTO race_field(race_field_ID,RACE_CODE,HORSE_ID,SADDLE_CLOTH_NUMBER,PLACE,STATUS) VALUES (9120630,'SPC01092002',1718948,7,'2','STARTER');
INSERT INTO race_field(race_field_ID,RACE_CODE,HORSE_ID,SADDLE_CLOTH_NUMBER,PLACE,STATUS) VALUES (9120878,'SPC01092002',1715699,8,'5','STARTER');
INSERT INTO race_field(race_field_ID,RACE_CODE,HORSE_ID,SADDLE_CLOTH_NUMBER,PLACE,STATUS) VALUES (9120021,'SPC01092002',1706171,NULL,NULL,'SCRATCHED');
INSERT INTO race_field(race_field_ID,RACE_CODE,HORSE_ID,SADDLE_CLOTH_NUMBER,PLACE,STATUS) VALUES (9120901,'SPC01092002',1688789,1,'6','STARTER');
INSERT INTO race_field(race_field_ID,RACE_CODE,HORSE_ID,SADDLE_CLOTH_NUMBER,PLACE,STATUS) VALUES (9115048,'SPC01092002',1657171,4,'4','STARTER');
INSERT INTO race_field(race_field_ID,RACE_CODE,HORSE_ID,SADDLE_CLOTH_NUMBER,PLACE,STATUS) VALUES (9121074,'SPC01092002',1620919,5,NULL,'SCRATCHED');
INSERT INTO race_field(race_field_ID,RACE_CODE,HORSE_ID,SADDLE_CLOTH_NUMBER,PLACE,STATUS) VALUES (9120851,'SPC01092007',1677516,6,NULL,'SCRATCHED');
INSERT INTO race_field(race_field_ID,RACE_CODE,HORSE_ID,SADDLE_CLOTH_NUMBER,PLACE,STATUS) VALUES (9121053,'SPC01092007',1695524,1,'5','STARTER');
INSERT INTO race_field(race_field_ID,RACE_CODE,HORSE_ID,SADDLE_CLOTH_NUMBER,PLACE,STATUS) VALUES (9121208,'SPC01092007',1672704,4,'6','STARTER');
INSERT INTO race_field(race_field_ID,RACE_CODE,HORSE_ID,SADDLE_CLOTH_NUMBER,PLACE,STATUS) VALUES (9121157,'SPC01092007',1711893,2,'1','STARTER');
INSERT INTO race_field(race_field_ID,RACE_CODE,HORSE_ID,SADDLE_CLOTH_NUMBER,PLACE,STATUS) VALUES (9120951,'SPC01092007',1655722,5,'2','STARTER');
INSERT INTO race_field(race_field_ID,RACE_CODE,HORSE_ID,SADDLE_CLOTH_NUMBER,PLACE,STATUS) VALUES (9121086,'SPC01092007',1707285,8,'7','STARTER');
INSERT INTO race_field(race_field_ID,RACE_CODE,HORSE_ID,SADDLE_CLOTH_NUMBER,PLACE,STATUS) VALUES (9121324,'SPC01092007',1718762,3,'4','STARTER');
INSERT INTO race_field(race_field_ID,RACE_CODE,HORSE_ID,SADDLE_CLOTH_NUMBER,PLACE,STATUS) VALUES (9121637,'SPC01092007',1721237,7,'3','STARTER');
INSERT INTO race_field(race_field_ID,RACE_CODE,HORSE_ID,SADDLE_CLOTH_NUMBER,PLACE,STATUS) VALUES (9120942,'SPC01092001',1705038,2,'5','STARTER');
INSERT INTO race_field(race_field_ID,RACE_CODE,HORSE_ID,SADDLE_CLOTH_NUMBER,PLACE,STATUS) VALUES (9121638,'SPC01092001',1695020,8,'4','STARTER');
INSERT INTO race_field(race_field_ID,RACE_CODE,HORSE_ID,SADDLE_CLOTH_NUMBER,PLACE,STATUS) VALUES (9121184,'SPC01092001',1681224,3,'7','STARTER');
INSERT INTO race_field(race_field_ID,RACE_CODE,HORSE_ID,SADDLE_CLOTH_NUMBER,PLACE,STATUS) VALUES (9121067,'SPC01092001',1683436,4,NULL,'SCRATCHED');
INSERT INTO race_field(race_field_ID,RACE_CODE,HORSE_ID,SADDLE_CLOTH_NUMBER,PLACE,STATUS) VALUES (9120718,'SPC01092001',1696814,7,'2','STARTER');
INSERT INTO race_field(race_field_ID,RACE_CODE,HORSE_ID,SADDLE_CLOTH_NUMBER,PLACE,STATUS) VALUES (9120480,'SPC01092001',1692074,6,'1','STARTER');
INSERT INTO race_field(race_field_ID,RACE_CODE,HORSE_ID,SADDLE_CLOTH_NUMBER,PLACE,STATUS) VALUES (9120025,'SPC01092001',1691795,5,'3','STARTER');
INSERT INTO race_field(race_field_ID,RACE_CODE,HORSE_ID,SADDLE_CLOTH_NUMBER,PLACE,STATUS) VALUES (9119702,'SPC01092001',1717433,1,'6','STARTER');
INSERT INTO race_field(race_field_ID,RACE_CODE,HORSE_ID,SADDLE_CLOTH_NUMBER,PLACE,STATUS) VALUES (9121166,'SPC01092001',1750760,NULL,NULL,'SCRATCHED');
INSERT INTO race_field(race_field_ID,RACE_CODE,HORSE_ID,SADDLE_CLOTH_NUMBER,PLACE,STATUS) VALUES (9121041,'SPC01092008',1672896,5,'7','STARTER');
INSERT INTO race_field(race_field_ID,RACE_CODE,HORSE_ID,SADDLE_CLOTH_NUMBER,PLACE,STATUS) VALUES (9121120,'SPC01092008',1711897,8,NULL,'SCRATCHED');
INSERT INTO race_field(race_field_ID,RACE_CODE,HORSE_ID,SADDLE_CLOTH_NUMBER,PLACE,STATUS) VALUES (9121207,'SPC01092008',1706120,1,'6','STARTER');
INSERT INTO race_field(race_field_ID,RACE_CODE,HORSE_ID,SADDLE_CLOTH_NUMBER,PLACE,STATUS) VALUES (9121424,'SPC01092008',1657838,2,'8','STARTER');
INSERT INTO race_field(race_field_ID,RACE_CODE,HORSE_ID,SADDLE_CLOTH_NUMBER,PLACE,STATUS) VALUES (9120900,'SPC01092008',1662779,9,'4','STARTER');
INSERT INTO race_field(race_field_ID,RACE_CODE,HORSE_ID,SADDLE_CLOTH_NUMBER,PLACE,STATUS) VALUES (9121158,'SPC01092008',1699733,7,'5','STARTER');
INSERT INTO race_field(race_field_ID,RACE_CODE,HORSE_ID,SADDLE_CLOTH_NUMBER,PLACE,STATUS) VALUES (9121190,'SPC01092008',1706429,3,'3','STARTER');
INSERT INTO race_field(race_field_ID,RACE_CODE,HORSE_ID,SADDLE_CLOTH_NUMBER,PLACE,STATUS) VALUES (9120684,'SPC01092008',1735765,4,'1','STARTER');
INSERT INTO race_field(race_field_ID,RACE_CODE,HORSE_ID,SADDLE_CLOTH_NUMBER,PLACE,STATUS) VALUES (9120707,'SPC01092008',1696740,6,'2','STARTER');







